Workbook
Name \A: [1]A!#REF!
Name \A: [1]A!#REF!
Name \A: [1]A!#REF!
Name \A: [1]A!#REF!
Name \A: [1]A!#REF!
Name \A: [1]A!#REF!
Name \A: [1]A!#REF!
Name \A: [1]A!#REF!
Name \A: [1]A!#REF!
Name \A: [1]A!#REF!
Name \A: [1]A!#REF!
Name \A: [1]A!#REF!
Name \A: [1]A!#REF!
Name \A: [1]A!#REF!
Name \A: [1]A!#REF!
Name \A: [1]A!#REF!
Name \A: [1]A!#REF!
Name \A: [1]A!#REF!
Name \A: [1]A!#REF!
Name \A: [1]A!#REF!
Name \A: [1]A!#REF!
Name \A: [1]A!#REF!
Name \A: [1]A!#REF!
Name \A: [1]A!#REF!
Name \A: [1]A!#REF!
Name \A: [1]A!#REF!
Name \A: [1]A!#REF!
Name \A: [1]A!#REF!
Name \A: [1]A!#REF!
Name \A: [1]A!#REF!
Name \A: [1]A!#REF!
Name \A: [1]A!#REF!
Name \A: [1]A!#REF!
Name \A: [1]A!#REF!
Name \A: [1]A!#REF!
Name \A: [1]A!#REF!
Name \A: [1]A!#REF!
Name \A: [1]A!#REF!
Name \A: [1]A!#REF!
Name \A: [1]A!#REF!
Name \A: [1]A!#REF!
Name \A: [1]A!#REF!
Name \A: [1]A!#REF!
Name \A: [1]A!#REF!
Name \A: [1]A!#REF!
Name \A: [1]A!#REF!
Name \A: [1]A!#REF!
Name \A: [1]A!#REF!
Name \A: [1]A!#REF!
Name \A: [1]A!#REF!
Name \A: [1]A!#REF!
Name \A: [1]A!#REF!
Name \A: [1]A!#REF!
Name \A: [1]A!#REF!
Name \A: [1]A!#REF!
Name \i: [2]單價2!#REF!
Name \i: [2]單價2!#REF!
Name \i: [2]單價2!#REF!
Name \i: [2]單價2!#REF!
Name \i: [2]單價2!#REF!

Sheet 材料設備送審管制總表202112
A1: 國道高速公路後續路段橋梁耐震補強工程(區段2-1)第M38A2標-烏山頭新化段 材料設備送審管制總表
A2: 項次 | B2: 契約詳細表項次 | C2: 契約數量 | E2: 是否取樣試驗 | F2: 預訂送審日期 | G2: 是否驗廠 | H2: 送審資料(P) | M2: 審查日期 | N2: 備註 (歸檔編號)
H3: 協力廠商資料 | I3: 型錄 | J3: 相關試驗報告 | K3: 樣品 | L3: 其他
B4: 材料(設備)名稱 | F4: 實際送審日期 | G4: 驗廠日期 | M4: 審查結果
A6: 1 | B6: 壹、一、1 結構工程 9 | C6: =1412+116 -> 1528 | D6: M3 | E6: 是 | F6: 109/07/20 | G6: 是 | H6: P | J6: P | M6: 109/07/28(贊洲) 109/08/14(竑榮官田) 109/08/14(竑榮安定) | N6: 贊洲:109.07.28棪嘉南(A2)監字第10907060號函廠商核定。109.07.24驗廠取樣。109.08.14 315W廠拌。109.08.28 80、245、280、350SCC廠拌)。 竑榮官田廠:109.08.14棪嘉南(A2)監字第10908022號函廠商核定。109.08.25驗廠取樣。109.10.06 80、175、245、280、315W廠拌。 竑榮安定廠:109.08.14棪嘉南(A2)監字第10908023號函廠商核定。109.08.31驗廠取樣。109.10.07 80、175、245、280廠拌。
B7: 結構用混凝土，80kgf/cm2 | F7: 109/07/13 | G7: 109/07/24
B8: 壹、一、1 結構工程 10 | C8: 955 | D8: M3 | E8: 是 | F8: 109/07/20 | G8: 是 | H8: P | J8: P
B9: 結構用混凝土，280kgf/cm2(墩柱補強) | F9: 109/07/13 | G9: 109/07/24
B10: 壹、一、1 結構工程 11 | C10: 4450 | D10: M3 | E10: 是 | F10: 109/07/20 | G10: 是 | H10: P | J10: P
B11: 結構用混凝土，280kgf/cm2(帽梁及其他補強) | F11: 109/07/13 | G11: 109/07/24
B12: 壹、一、1 結構工程 13、14 | C12: 38313 | D12: M3 | E12: 是 | F12: 109/07/20 | G12: 是 | H12: P | J12: P | M12: 核定
B13: 自充填混凝土，350kgf/cm2 | F13: 109/07/13 | G13: 109/07/24 | M13: 提送核定版
B14: 壹、一、3 排水復舊及臨時導排水工程 5 | C14: 116 | D14: M3 | E14: 是 | F14: 109/07/20 | G14: 是 | H14: P | J14: P | M14: 109.7.15
B15: 結構用混凝土，80kgf/cm2 | F15: 109/07/13 | G15: 109/07/24 | M15: 提送核定版
B16: 壹、一、3 排水復舊及臨時導排水工程 6 | C16: 1921 | D16: M3 | E16: 是 | F16: 109/07/20 | G16: 是 | H16: P | J16: P | M16: 109.7.15
B17: 結構用混凝土，245kgf/cm2 | F17: 109/07/13 | G17: 109/07/24 | M17: 提送核定版
A18: 2 | B18: 壹、一、2 大地擋土工程 28 | C18: 2066 | D18: M3 | E18: 是 | F18: 110/07/20 | G18: 是 | H18: P | J18: P | M18: 109/09/30(水泥) 109/10/20(砂石) 109/09/30(點焊鋼絲網) | N18: 晉瑜水泥:109.09.30棪嘉南(A2)監字第10909065號函廠商核定。(水泥) 永福鑫:109.10.20棪嘉南(A2)監字第10910044號函廠商核定。(砂石)109.12.30廠驗。 三發製網:109.09.30棪嘉南(A2)監字第10909068號函廠商核定。(點焊鋼絲網)109.10.26廠驗。
B19: 噴凝土(5cm厚，含點焊鋼絲網、錨筋及洩水孔)及拆除 | F19: 109/10/14(砂石) 109/09/28(水泥) 109/09/28(點焊鋼絲網) | G19: 109/12/30(砂石) 109/10/23(鋼絲網)
B20: 壹、一、3 排水復舊及臨時導排水工程 8 | C20: 5 | D20: M3 | E20: 是 | F20: 110/07/20 | G20: 是 | H20: P | J20: P | M20: 核定
B21: 噴凝土，抗壓強度175kgf/cm2 | F21: 109/10/14(砂石) 109/09/28(水泥) 109/09/28(點焊鋼絲網) | G21: 109/12/30(砂石) 109/10/23(鋼絲網)
A22: 3 | B22: 壹、一、1 結構工程 12 | C22: 15 | D22: M3 | E22: 是 | F22: 109/08/31 | G22: 否 | H22: P | J22: P | M22: 109/08/17 | N22: 交峯:10908.17棪嘉南(A2)監字第10908025號函廠商核定。
B23: 無收縮水泥砂漿，抗壓強度350 kgf/cm2 | F23: 109/08/10 | M23: 核定
A24: 4 | B24: 壹、一、1 結構工程 15 | C24: 3178 | D24: T | E24: 是 | F24: 109/07/30 | G24: 是 | H24: P | J24: P | M24: 109/07/20(志一) 109/09/30(海光、漢泰、協勝發) | N24: 志一:109.07.20棪嘉南(A2)監字第10907034號函廠商核定。109.08.05(驗廠) 漢泰:109.09.30棪嘉南(A2)監字第10909071號函廠商核定。 海光:109.09.30棪嘉南(A2)監字第10909072號函廠商核定。 協勝發:109.09.30棪嘉南(A2)監字第10909073號函廠商核定。 (海光、漢泰、協勝發109.10.05驗廠合格)
B25: 鋼筋，SD420W | F25: 109/07/13 | G25: 109/08/05
B26: 壹、一、3 排水復舊及臨時導排水工程 7 | C26: 79 | D26: T | E26: 是 | F26: 109/07/30 | G26: 是 | H26: P | J26: P | M26: 核定
B27: 鋼筋，SD420W | F27: 109/07/13 | G27: 109/08/05
A28: 5 | B28: 壹、一、1 結構工程 18 | C28: 70 | D28: T | E28: 是 | F28: 110/9/30 | G28: 否 | H28: P | J28: P | M28: 110/09/07 | N28: 達盈:110.09.07棪嘉南(A2)監字第1100657號函廠商核定
B29: 橋墩鋼板包覆，A36 | F29: 110/09/07 | M29: 核定
A30: 6 | B30: 壹、一、1 結構工程 19 | C30: 105 | D30: T | E30: 是 | F30: 111/02/20 | G30: 否 | H30: P | J30: P
B31: 鋼板止震裝置，A709/A572 GR.50
A32: 7 | B32: 壹、一、1 結構工程 20 | C32: 438 | D32: M2 | E32: 是 | F32: 110/10/30 | G32: 否 | H32: P | I32: P | J32: P | M32: 110/10/14 | N32: 諦佑:110.10.14棪嘉南(A2)監字第1100737號函廠商核定
B33: 鋼板外露表面油漆 | F33: 110/10/13 | M33: 核定
B34: 壹、一、1 結構工程 21 | C34: 437 | D34: M2 | E34: 是 | F34: 110/10/30 | G34: 否 | H34: P | I34: P | J34: P | M34: 110/10/14
B35: 鋼板內面防鏽油漆 | F35: 110/10/13 | M35: 核定
A36: 8 | B36: 壹、一、1 結構工程 22~24 | C36: 175438 | D36: 支 | E36: 是 | F36: 109/09/15 | G36: 否 | H36: P | I36: P | J36: P | M36: 109/08/26 | N36: 台灣飛魚:109.08.26棪嘉南(A2)監字第10908046號函廠商核定。109.09.03施工說明會。109.10.12施工前拉拔試驗(合格)。 喜利得:109.09.08棪嘉南(A2)監字第10909020號函廠商核定。109.09.07施工說明會。109.10.13施工前拉拔試驗(合格)。
B37: 化學黏著錨筋，16mm∮ | F37: 109/08/19
B38: 壹、一、1 結構工程 25 | C38: 52992 | D38: 支 | E38: 是 | F38: 109/09/15 | G38: 否 | H38: P | I38: P | J38: P
B39: 化學黏著錨筋，19mm∮ | F39: 109/08/19 | M39: 台灣飛魚藥劑核定
B40: 壹、一、1 結構工程 26~27 | C40: 30452 | D40: 支 | E40: 是 | F40: 109/09/15 | G40: 否 | H40: P | I40: P | J40: P
B41: 化學黏著錨筋，22mm∮ | F41: 109/08/19
B42: 壹、一、1 結構工程 28~29、36 | C42: 4004 | D42: 支 | E42: 是 | F42: 109/09/15 | G42: 否 | H42: P | I42: P | J42: P | M42: 109/09/08
B43: 化學黏著錨筋，25mm∮ | F43: 109/08/19
B44: 壹、一、1 結構工程 30 | C44: 16 | D44: 支 | E44: 是 | F44: 109/09/15 | G44: 否 | H44: P | I44: P | J44: P
B45: 化學黏著錨栓，29mm∮ | F45: 109/08/19 | M45: 喜利得藥劑核定
B46: 壹、一、1 結構工程 37 | C46: 48 | D46: 支 | E46: 是 | F46: 109/09/15 | G46: 否 | H46: P | I46: P | J46: P
B47: 化學黏著錨栓，32mm∮ | F47: 109/08/19
A48: 9 | B48: 壹、一、1 結構工程 40 | C48: 1600 | D48: M | E48: 是 | F48: 110/06/15 | G48: 否 | H48: P | I48: P | J48: P | M48: 109/09/30 | N48: 強銓:109.09.30棪嘉南(A2)監字第10909064號函廠商核定。
B49: 高強度螺栓，32mm∮(符合ASTM A449規定) | F49: 109/09/28 | M49: 核定
B50: 壹、一、1 結構工程 41 | C50: 720 | D50: M | E50: 是 | F50: 110/06/15 | G50: 否 | H50: P | I50: P | J50: P | M50: 109/09/30 | N50: 強銓:109.09.30棪嘉南(A2)監字第10909064號函廠商核定。
B51: 高強度螺栓，38mm∮(符合ASTM A449規定) | F51: 109/09/28 | M51: 核定
A52: 10 | B52: 壹、一、1 結構工程 43 | C52: 32 | D52: 個 | E52: 是 | F52: 110/10/15 | G52: 否 | H52: P | I52: P | J52: P | M52: 110/07/15 | N52: 速霸陸:110.07.15棪嘉南(A2)監字第1100556號函廠商核定。
B53: 鋼筋續接器，22mm∮ | F53: 110/07/12 | M53: 核定
B54: 壹、一、1 結構工程 44 | C54: 1924 | D54: 個 | E54: 是 | F54: 110/10/15 | G54: 否 | H54: P | I54: P | J54: P | M54: 110/07/15 | N54: 速霸陸:110.07.15棪嘉南(A2)監字第1100556號函廠商核定。
B55: 鋼筋續接器，25mm∮ | F55: 110/07/12 | M55: 核定
A56: 11 | B56: 壹、一、1 結構工程 45 | C56: 20 | D56: 組 | E56: 是 | F56: 111/04/30 | G56: 否 | H56: P | I56: P | J56: P
B57: 防震拉條 TYPE A
A58: 12 | B58: 壹、一、1 結構工程 46 | C58: 4 | D58: T | E58: 是 | F58: 110/12/30 | G58: 否 | H58: P | J58: P | M58: 110/11/03 | N58: 毅兆:110.11.03棪嘉南(A2)監字第1100789號函廠商核定。
B59: 鋼管剪力榫，31.85cm∮ | F59: 110/10/29 | M59: 核定
B60: 壹、一、1 結構工程 47 | C60: 47 | D60: T | E60: 是 | F60: 110/12/30 | G60: 否 | H60: P | J60: P | M60: 110/11/03
B61: 鋼管剪力榫，40.64cm∮ | F61: 110/10/29 | M61: 核定
B62: 壹、一、1 結構工程 48 | C62: 41 | D62: T | E62: 是 | F62: 110/12/30 | G62: 否 | H62: P | J62: P | M62: 110/11/03
B63: 鋼管剪力榫，45.72cm∮ | F63: 110/10/29 | M63: 核定
A64: 13 | B64: 壹、一、1 結構工程 54 | C64: 8763 | D64: M | E64: 是 | F64: 109/10/30 | G64: 否 | H64: P | J64: P | M64: 109/10/16 | N64: 遠東:109.10.16棪嘉南(A2)監字第10910035號函廠商核定。
B65: 610mmø就地內灌混凝土鋼管樁 | F65: 109/10/14 | M65: 核定
A66: 14 | B66: 壹、一、1 結構工程 57 | C66: 838 | D66: M | E66: 是 | F66: 109/09/30 | G66: 否 | H66: P | J66: P | M66: 109/09/30 | N66: 強銓:109.09.30棪嘉南(A2)監字第10909064號函廠商核定。
B67: 高強度微型樁 | F67: 109/09/28 | M67: 核定
A68: 15 | B68: 壹、一、1 結構工程 62 | C68: 2193 | D68: M2 | E68: 是 | F68: 109/10/20 | G68: 否 | H68: P | I68: P | J68: P | M68: 109/08/11 | N68: 台灣西卡:109.08.11棪嘉南(A2)監字第10908021號函廠商核定 煒鑫實業:110.03.29棪嘉南(A2)監字第1100250號函廠商核定
F69: 109/08/04 | M69: 核定
B70: 環氧樹脂塗佈 | F70: 109/10/20 | G70: 否 | H70: P | I70: P | J70: P | M70: 110/04/01
F71: 110/04/01 | M71: 核定
A72: 16 | B72: 壹、一、1 結構工程 64 | C72: 2 | D72: T | E72: 是 | F72: 111/10/15 | G72: 否 | H72: P | J72: P
B73: 預力鋼腱(5T-15.2mm鋼鉸線)
A74: 17 | B74: 壹、一、1 結構工程 65 | C74: 4592 | D74: M | E74: 是 | F74: 109/09/30 | G74: 否 | H74: P | J74: P | M74: 109/09/30 | N74: 強銓:109.09.30棪嘉南(A2)監字第10909064號函廠商核定。
B75: 高拉力鋼棒，36mm∮(符合ASTM A449規定) | F75: 109/09/28 | M75: 核定
B76: 壹、一、1 結構工程 66 | C76: 795 | D76: M | E76: 是 | F76: 109/09/30 | G76: 否 | H76: P | J76: P | M76: 109/09/30 | N76: 強銓:109.09.30棪嘉南(A2)監字第10909064號函廠商核定。
B77: 高拉力鋼棒，39mm∮(符合ASTM A449規定) | F77: 109/09/28 | M77: 核定
A78: 18 | B78: 壹、一、1 結構工程 67 | C78: 1 | D78: 式 | E78: 是 | F78: 111/07/20 | G78: 是 | H78: P | I78: P | J78: P | M78: 110/09/13 | N78: 劦承:110.09.13棪嘉南(A2)監字第1100671號函廠商核定
B79: 盤式支承 | F79: 110/09/09 | G79: 110/09/28 | M79: 核定
A80: 19 | B80: 壹、一、1 結構工程 68 | C80: 13398 | D80: DM3 | E80: 是 | F80: 109/10/20 | G80: 否 | H80: P | J80: P | M80: 109/10/16 | N80: 培特:109.10.16棪嘉南(A2)監字第10910037號函廠商核定
B81: 人造橡膠防震板 | F81: 109/10/14 | M81: 核定
A82: 20 | B82: 壹、一、1 結構工程 69 | C82: 4 | D82: 個 | E82: 否 | F82: 111/12/15 | G82: 否 | H82: P | J82: P
B83: 人孔蓋及座
A84: 21 | B84: 壹、一、1 結構工程 76 | C84: 162 | D84: M2 | E84: 是 | F84: 111/12/15 | G84: 否 | H84: P | J84: P
B85: 橋台維修檢測平台
A86: 22 | B86: 壹、一、1 結構工程 79 | C86: 4 | D86: 處 | E86: 是 | F86: 111/12/15 | G86: 否 | H86: P | I86: P | J86: P
B87: 橋台制式不繡鋼板門
A88: 23 | B88: 壹、一、1 結構工程 | C88: 30000 | D88: M2 | E88: 是 | F88: 109/12/15 | G88: 否 | H88: P | J88: P | M88: 109/11/11 | N88: 祥世實業:109.11.11棪嘉南(A2)監字第10911046號函廠商核定。
B89: 養護劑 | F89: 109/11/06 | M89: 核定
A90: 24 | B90: 壹、一、2 大地擋土工程 12~14 | C90: 10000 | D90: M3 | E90: 是 | F90: 110/01/25 | G90: 否 | H90: P | J90: P | M90: 109/12/04 | N90: 更新實業:109.12.04棪嘉南(A2)監字第10912016號函廠商核定。
B91: CLSM低強度回填混凝土 | F91: 109/12/03 | M91: 核定
A92: 25 | B92: 壹、一、2 大地擋土工程 25.26 | C92: 4470 | D92: M | E92: 是 | F92: 110/01/25 | G92: 否 | H92: P | J92: P | M92: 109/09/17 | N92: 銘祥機械:109.09.17棪嘉南(A2)監字第10909042號函廠商核定。
B93: 臨時性預力鋼鍵地錨 | F93: 109/09/15 | M93: 核定
A94: 26 | B94: 壹、一、2 大地擋土工程 40 | C94: 10 | D94: M2 | E94: 是 | F94: 111/12/15 | G94: 否 | H94: P | I94: P | J94: P
B95: 波浪鋼板支撐
A96: 27 | B96: 壹、一、2 大地擋土工程 41 | C96: 10 | D96: M | E96: 是 | F96: 111/12/15 | G96: 否 | H96: P | I96: P | J96: P
B97: 箱型石籠
B98: 壹、一、3 排水復舊及臨時導排水工程 13 | C98: 1600 | D98: M | E98: 是 | F98: 111/12/15 | G98: 否 | H98: P | I98: P | J98: P
B99: 箱型石籠
A100: 28 | B100: 壹、一、3 排水復舊及臨時導排水工程 9 | C100: 868 | D100: M | E100: 是 | F100: 111/12/15 | G100: 否 | H100: P | I100: P | J100: P
B101: 200mm∮PVC排水管
...

Sheet 材料 設備檢(試)驗管制總表 202112
A1: 國道高速公路後續路段橋梁耐震補強工程(區段2-1)第M38A2標-烏山頭新化段 材料設備檢(試)驗管制總表
A2: 項次 | B2: 契約詳細表項次 | C2: 預定進場日期 | D2: 進場 數量 | F2: 抽樣日期 | J2: 規定抽(取)樣 頻率 | K2: 累積進場數量 | L2: 抽試驗 結果 | M2: 抽驗及會同 | N2: 備註
B3: 材料(設備)名稱 | C3: 實際進場日期 | F3: 抽樣數量 | K3: 累積抽樣數量 | M3: 人員 | N3: (歸檔編號)
A4: 1 | B4: 水泥預拌混凝土廠驗廠-配合設備 | C4: 109/07/24 | D4: 1 | E4: 式 | F4: 109/07/24(贊洲) 109/08/25(竑榮官田) 109/08/31(竑榮安定) | J4: 1式 | K4: 1式 | L4: 合格 | M4: 監造:李秉融 | N4: M38A2-J-a-C1-001(贊洲) M38A2-J-a-C1-004(竑榮官田) MA38A2-J-a-C1-007(竑榮安定)
B5: 拌和廠 | C5: 109/07/24(贊洲) 109/08/25(竑榮官田) 109/08/31(竑榮安定) | F5: 一式 | K5: 1式 | M5: 威勝:柯志龍
B6: 水泥預拌混凝土廠驗廠-配合設備 | C6: 109/07/24 | D6: 1 | E6: 式 | F6: 109/07/24(贊洲) 109/08/25(竑榮官田) 109/08/31(竑榮安定) | J6: 1式 | K6: 1式 | L6: 合格 | M6: 監造:李秉融 | N6: M38A2-J-a-C1-001(贊洲) M38A2-J-a-C1-004(竑榮官田) MA38A2-J-a-C1-007(竑榮安定)
B7: 粒料儲藏 | C7: 109/07/24(贊洲) 109/08/25(竑榮官田) 109/08/31(竑榮安定) | F7: 一式 | K7: 1式 | M7: 威勝:柯志龍
B8: 水泥預拌混凝土廠驗廠-配合設備 | C8: 109/07/24 | D8: 1 | E8: 式 | F8: 109/07/24(贊洲) 109/08/25(竑榮官田) 109/08/31(竑榮安定) | J8: 1式 | K8: 1式 | L8: 合格 | M8: 監造:李秉融 | N8: M38A2-J-a-C1-001(贊洲) M38A2-J-a-C1-004(竑榮官田) MA38A2-J-a-C1-007(竑榮安定)
B9: 配合設備 | C9: 109/07/24(贊洲) 109/08/25(竑榮官田) 109/08/31(竑榮安定) | F9: 一式 | K9: 1式 | M9: 威勝:柯志龍
B10: 水泥預拌混凝土廠驗廠-配合設備 | C10: 109/07/24 | D10: 1 | E10: 式 | F10: 109/07/24(贊洲) 109/08/25(竑榮官田) 109/08/31(竑榮安定) | J10: 1式 | K10: 1式 | L10: 合格 | M10: 監造:李秉融 | N10: M38A2-J-a-C1-001(贊洲) M38A2-J-a-C1-004(竑榮官田) MA38A2-J-a-C1-007(竑榮安定)
B11: 計量設備 | C11: 109/07/24(贊洲) 109/08/25(竑榮官田) 109/08/31(竑榮安定) | F11: 一式 | K11: 1式 | M11: 威勝:柯志龍
B12: 水泥預拌混凝土廠驗廠-配合設備 | C12: 109/07/24 | D12: 1 | E12: 式 | F12: 109/07/24(贊洲) 109/08/25(竑榮官田) 109/08/31(竑榮安定) | J12: 1式 | K12: 1式 | L12: 合格 | M12: 監造:李秉融 | N12: M38A2-J-a-C1-001(贊洲) M38A2-J-a-C1-004(竑榮官田) MA38A2-J-a-C1-007(竑榮安定)
B13: 運輸設備 | C13: 109/07/24(贊洲) 109/08/25(竑榮官田) 109/08/31(竑榮安定) | F13: 一式 | K13: 1式 | M13: 威勝:柯志龍
B14: 水泥預拌混凝土廠驗廠-配合設備 | C14: 109/07/22 | D14: 1 | E14: 式 | F14: 109/07/24(贊洲) 109/08/25(竑榮官田) | J14: 1式 | K14: 1式 | L14: 合格 | M14: 監造:李秉融 | N14: M38A2-J-a-C1-002(贊洲) M38A2-J-a-C1-005(竑榮官田)
B15: 水泥 | C15: 109/07/24(贊洲) 109/08/25(竑榮官田) | F15: 一式 | K15: 1式 | M15: 威勝:柯志龍
B16: 水泥預拌混凝土廠驗廠-配合設備 | C16: 109/07/22 | D16: 1 | E16: 式 | F16: 109/07/24(贊洲) 109/08/25(竑榮官田) | J16: 1式 | K16: 1式 | L16: 合格 | M16: 監造:李秉融 | N16: M38A2-J-a-C1-002(贊洲) M38A2-J-a-C1-005(竑榮官田)
B17: 細粒料 | C17: 109/07/24(贊洲) 109/08/25(竑榮官田) | F17: 一式 | K17: 1式 | M17: 威勝:柯志龍
B18: 水泥預拌混凝土廠驗廠-配合設備 | C18: 109/07/22 | D18: 1 | E18: 式 | F18: 109/07/24(贊洲) 109/08/25(竑榮官田) | J18: 1式 | K18: 1式 | L18: 合格 | M18: 監造:李秉融 | N18: M38A2-J-a-C1-002(贊洲) M38A2-J-a-C1-005(竑榮官田)
B19: 粗粒料 | C19: 109/07/24(贊洲) 109/08/25(竑榮官田) | F19: 一式 | K19: 1式 | M19: 威勝:柯志龍
B20: 水泥預拌混凝土廠驗廠-配合設備 | C20: 109/07/22 | D20: 1 | E20: 式 | F20: 109/07/24(贊洲) 109/08/25(竑榮官田) 109/08/31(竑榮安定) | J20: 1式 | K20: 1式 | L20: 合格 | M20: 監造:李秉融 | N20: M38A2-J-a-C1-002(贊洲) M38A2-J-a-C1-005(竑榮官田) MA38A2-J-a-C1-008(竑榮安定)
B21: 拌和水 | C21: 109/07/24(贊洲) 109/08/25(竑榮官田) 109/08/31(竑榮安定) | F21: 一式 | K21: 1式 | M21: 威勝:柯志龍
A22: 1 | B22: 水泥預拌混凝土廠驗廠-配合設備 | C22: 109/07/22 | D22: 1 | E22: 式 | F22: 109/07/24(贊洲) 109/08/25(竑榮官田) | J22: 1式 | K22: 1式 | L22: 合格 | M22: 監造:李秉融 | N22: M38A2-J-a-C1-002(贊洲) M38A2-J-a-C1-005(竑榮官田)
B23: 飛灰 | C23: 109/07/24(贊洲) 109/08/25(竑榮官田) | F23: 一式 | K23: 1式 | M23: 威勝:柯志龍
B24: 水泥預拌混凝土廠驗廠-配合設備 | C24: 109/07/22 | D24: 1 | E24: 式 | F24: 109/07/24(贊洲) 109/08/25(竑榮官田) | J24: 1式 | K24: 1式 | L24: 合格 | M24: 監造:李秉融 | N24: M38A2-J-a-C1-002(贊洲) M38A2-J-a-C1-005(竑榮官田)
B25: 高爐石粉 | C25: 109/07/24(贊洲) 109/08/25(竑榮官田) | F25: 一式 | K25: 1式 | M25: 威勝:柯志龍
B26: 水泥預拌混凝土廠驗廠-配合設備 | C26: 109/07/22 | D26: 1 | E26: 式 | F26: 109/07/24(贊洲) 109/08/25(竑榮官田) | J26: 1式 | K26: 1式 | L26: 合格 | M26: 監造:李秉融 | N26: M38A2-J-a-C1-002(贊洲) M38A2-J-a-C1-005(竑榮官田)
B27: 化學摻劑 | C27: 109/07/24(贊洲) 109/08/25(竑榮官田) | F27: 一式 | K27: 1式 | M27: 威勝:柯志龍
B28: 水泥預拌混凝土廠驗廠-配合設備 | C28: 109/07/22 | D28: 1 | E28: 式 | F28: 109/07/24(贊洲) 109/08/25(竑榮官田) | J28: 1式 | K28: 1式 | L28: 合格 | M28: 監造:李秉融 | N28: M38A2-J-a-C1-002(贊洲) M38A2-J-a-C1-005(竑榮官田)
B29: 配和設計 | C29: 109/07/24(贊洲) 109/08/25(竑榮官田) | F29: 一式 | K29: 1式 | M29: 威勝:柯志龍
B30: 水泥預拌混凝土廠驗廠-配合設備 | C30: 109/07/22 | D30: 1 | E30: 式 | F30: 109/08/26(贊洲) 109/10/06(竑榮官田) 109/10/07(竑榮安定) | J30: M3≦50 取2組，50≦M3<100 取樣3組，每加100M3加取一組。 | K30: 1式 | L30: 合格 | M30: 監造:李秉融 | N30: M38A2-J-a-C1-006(贊洲) M38A2-J-a-C1-009(竑榮官田) MA38A2-J-a-C1-010(竑榮安定)
B31: 80 kgf/cm2廠拌配合設計 | C31: 109/08/26(贊洲) 109/10/06(竑榮官田) 109/10/07(竑榮安定) | F31: 一式 | K31: 1式 | M31: 威勝:柯志龍
B32: 水泥預拌混凝土廠驗廠-配合設備 | C32: 109/07/22 | D32: 1 | E32: 式 | F32: 109/08/26(贊洲) 109/10/06(竑榮官田) 109/10/07(竑榮安定) | J32: M3≦50 取2組，50≦M3<100 取樣3組，每加100M3加取一組。 | K32: 1式 | L32: 合格 | M32: 監造:李秉融 | N32: M38A2-J-a-C1-006(贊洲) M38A2-J-a-C1-009(竑榮官田) MA38A2-J-a-C1-010(竑榮安定)
B33: 245 kgf/cm2廠拌配合設計 | C33: 109/08/26(贊洲) 109/10/06(竑榮官田) 109/10/07(竑榮安定) | F33: 一式 | K33: 1式 | M33: 威勝:柯志龍
B34: 水泥預拌混凝土廠驗廠-配合設備 | C34: 109/07/22 | D34: 1 | E34: 式 | F34: 109/08/26(贊洲) 109/10/06(竑榮官田) 109/10/07(竑榮安定) | J34: M3≦50 取2組，50≦M3<100 取樣3組，每加100M3加取一組。 | K34: 1式 | L34: 合格 | M34: 監造:李秉融 | N34: M38A2-J-a-C1-006(贊洲) M38A2-J-a-C1-009(竑榮官田) MA38A2-J-a-C1-010(竑榮安定)
B35: 280 kgf/cm2廠拌配合設計 | C35: 109/08/26(贊洲) 109/10/06(竑榮官田) 109/10/07(竑榮安定) | F35: 一式 | K35: 1式 | M35: 威勝:柯志龍
B36: 水泥預拌混凝土廠驗廠-配合設備 | C36: 109/07/22 | D36: 1 | E36: 式 | F36: 109/08/26(贊洲) 109/11/19(竑榮官田) 109/12/28(竑榮安定) | J36: M3≦50 取2組，50≦M3<100 取樣3組，每加100M3加取一組。 | K36: 1式 | L36: 合格 | M36: 監造:李秉融 | N36: M38A2-J-a-C1-006(贊洲) M38A2-J-a-C1-012(竑榮官田) MA38A2-J-a-C1-013(竑榮安定)
B37: 350SCC kgf/cm2廠拌配合設計 | C37: 109/08/26(贊洲) 109/11/19(竑榮官田) 109/12/28(竑榮安定) | F37: 一式 | K37: 1式 | M37: 威勝:柯志龍
B38: 水泥預拌混凝土廠驗廠-配合設備 | C38: 109/08/28 | D38: 1 | E38: 式 | F38: 109/08/14(贊洲) 109/10/06(竑榮官田) 109/11/13(竑榮安定) | J38: M3≦50 取2組，50≦M3<100 取樣3組，每加100M3加取一組。 | K38: 1式 | L38: 合格 | M38: 監造:李秉融 | N38: M38A2-J-a-C1-003(贊洲) M38A2-J-a-C1-009(竑榮官田) MA38A2-J-a-C1-011(竑榮安定)
B39: 315 kgf/cm2廠拌配合設計 | C39: 109/08/14(贊洲) 109/10/06(竑榮官田) 109/11/13(竑榮安定) | F39: 一式 | K39: 1式 | M39: 威勝:柯志龍
B40: 壹.一.1 .9 、壹.一.3.5 | C40: 109/07/22 | D40: 1528 | E40: M3 | F40: 110/11/17(贊洲) 110/12/17(竑榮官田) | J40: M3≦50 取2組，50≦M3<100 取樣3組，每加100M3加取一組。 | K40: =298+234 -> 532 | L40: 合格 | M40: 監造:吳英傑 | N40: M38A2-J-a-C4A-380(贊洲) M38A2-J-a-C4B-215(竑榮官田)
B41: 結構用混凝土，80kgf/cm2 | C41: 109/07/22(贊洲) 109/08/25(竑榮官田) | G41: 組 | I41: 顆 | K41: =14+17 -> 31 | M41: 施工:石錦茹
A42: 1 | B42: 壹.一.3 .6 | C42: 109/07/22 | D42: 1921 | E42: M3 | F42: 110/09/13(贊洲) 110/11/24(竑榮官田) | J42: M3≦50 取2組，50≦M3<100 取樣3組，每加100M3加取一組。 | K42: =761.5+180.5 -> 942 | L42: 合格 | M42: 監造:吳英傑 | N42: M38A2-J-a-C4A-336(贊洲) M38A2-J-a-C4B-184(竑榮官田)
B43: 結構用混凝土，245kgf/cm2 | C43: 109/07/22(贊洲) 109/08/25(竑榮官田) | G43: 組 | I43: 顆 | K43: =35+12 -> 47 | M43: 威勝:石錦茹
B44: 壹.一.1 .10、壹.一.1 .11 | C44: 109/07/22 | D44: 5405 | E44: M3 | F44: 110/11/22(贊洲) 110/12/15(竑榮官田) | J44: M3≦50 取2組，50≦M3<100 取樣3組，每加100M3加取一組。 | K44: =684+500.5 -> 1184.5 | L44: 合格 | M44: 監造:李之杰 | N44: M38A2-J-a-C4A-384(贊洲) M38A2-J-a-C4B-213(竑榮官田)
B45: 結構用混凝土，280kgf/cm2 | C45: 109/07/22(贊洲) 109/08/25(竑榮官田) | G45: 組 | I45: 顆 | K45: =65+61 -> 126 | M45: 威勝:劉琮誠
B46: 壹.一.1 . 49、壹.一.1 .50、壹.一.1 .51 | C46: 109/08/28 | D46: 16482 | E46: M3 | F46: 110/09/25(贊洲) 110/06/18(竑榮官田) | J46: M3≦50 取2組，50≦M3<100 取樣3組，每加100M3加取一組。 | K46: =9960+4386 -> 14346 | L46: 合格 | M46: 監造:黃育智 | N46: M38A2-J-a-C4A-342(贊洲) M38A2-J-a-C4B-143(竑榮官田)
B47: 全套管鑽掘樁，315W kgf/cm2 | C47: 109/08/14(贊洲) | G47: 組 | I47: 顆 | K47: =558+296 -> 854 | M47: 威勝:周孝忠
B48: 壹.一.1 .13、壹.一.1 .14 | C48: 109/07/22 | D48: 38313 | E48: M3 | F48: 110/11/13(贊洲) 110/12/08(竑榮官田) | J48: M3≦50 取2組，50≦M3<100 取樣3組，每加100M3加取一組。 | K48: =8221.5+4660 -> 12881.5 | L48: 合格 | M48: 監造:吳英傑 | N48: M38A2-J-a-C4A-379(贊洲) M38A2-J-a-C4B-202(竑榮官田)
B49: 自充填混凝土，350kgf/cm2 | C49: 109/07/22(贊洲) 109/08/25(竑榮官田) | G49: 組 | I49: 顆 | K49: =189+76 -> 265 | M49: 威勝:石錦茹
B50: 壹.一.1 .77 | C50: 109/08/10 | D50: 52 | E50: 個 | F50: 109/08/10 | J50: 混凝土鑽心取壓作業依CNS1238 A0351辦理。鑽心取樣孔以350kg/cm2無收縮水泥砂漿填實。無收縮水泥砂漿應符合施工規範第03601章規定鑽心取樣位置原則與柱內灌漿孔同位，位置及數量依核定計畫書或工程司代表指示辦理。 | K50: 52個 | L50: 合格 | M50: 監造:李秉融 | N50: DM-20-03621 C-20-07171 DM-20-03585 C-20-07117、M-20-03852 C-20-07588 SGS台灣檢驗科技公司 M38A2-J-c-E-001
B51: 混凝土鑽心取樣 | C51: 109/08/10 | F51: 52 | H51: 個 | K51: 52個 | M51: 威勝:柯志龍
A52: 2 | B52: 壹.一.2 .28 、壹.一.3 .8 | C52: 110/03/30 | D52: 5 | E52: M3 | F52: 110/04/27 | J52: 每1000m2之噴凝土至少取樣一格板，每組試體均應有三個直徑為 7.5cm之圓柱試體。 | K52: 1組 | L52: 合格 | M52: 監造:李之杰 | N52: M38A2-J-c-E-026
B53: 噴凝土，抗壓強度175kgf/cm2 | C53: 109/10/29 | F53: 1 | G53: 組 | H53: 3 | I53: 顆 | K53: 1組 | M53: 威勝:劉琮誠
A54: 3 | B54: 壹.一.1 . 12 | C54: 109/07/22 | D54: 15 | E54: M3 | F54: 110/12/21 | J54: 每日澆置取2組。 | K54: 177 | L54: 合格 | M54: 監造:吳清標 | N54: 方77
B55: 無收縮水泥砂漿，抗壓強度350 kgf/cm2 | C55: 110/05/18 | F55: 2 | G55: 組 | H55: 6 | I55: 顆 | K55: 148 | M55: 威勝:王建凱
A56: 4 | B56: 壹.一.1 .15、壹.一.3 .7 | C56: 109/05/24 | D56: 3257 | E56: T | F56: 110/12/06 | J56: (同一爐號)每批≦50T 取樣 1支，≧50T≦100T 加取1支。 | K56: 1840 | L56: 合格 | M56: 監造:林東興 | N56: M38A2-J-b-R1-057 | O56: 補3+編號57以前(79) | P56: 每月按表單編號更新
B57: 鋼筋，SD420W | C57: 109/05/24 | F57: 4 | H57: 支 | K57: =3+66+4+5+4+2+4 -> 88 | M57: 威勝:劉琮誠
B58: 壹.一.1 . 49、壹.一.1 .50、壹.一.1 .51 | C58: 109/05/24 | D58: 2988 | E58: T | F58: 110/08/17 | J58: (同一爐號)每批≦50T 取樣 1支，≧50T≦100T 加取1支。 | K58: 2722.44 | L58: 合格 | M58: 監造:李秉融 | N58: M38A2-J-b-R1-055 | O58: 補3+編號55以前(99)
B59: 全套管鑽掘樁，鋼筋，SD420W | C59: 109/05/24 | F59: 2 | H59: 支 | K59: =3+97+2 -> 102 | M59: 威勝:劉琮誠
B60: 壹.一.1 . 49、壹.一.1 .50、壹.一.1 .51 | C60: 109/05/24 | D60: 803 | E60: T | F60: 110/10/01 | J60: (同一爐號)每批≦50T 取樣 1支，≧50T≦100T 加取1支。 | K60: 436.71 | L60: 合格 | M60: 監造:李秉融 | N60: M38A2-J-b-R1-056 | O60: 補1+編號56以前(23)
B61: 610mm∮就地內灌混凝土鋼管樁，SD420W | C61: 109/05/24 | F61: 7 | H61: 支 | K61: =1+20+3 -> 24 | M61: 威勝:劉琮誠
A62: 5 | B62: 壹.一.1 .18 | C62: 110/05/31 | D62: 79 | E62: T | F62: 110/05/31 | J62: (同一爐號) 每批≦50T取樣 1次，≧50T≦100T 加取1次。 | K62: 65.352T | L62: 合格 | M62: 監造:吳英傑 | N62: M38A2-J-b-M-051
B63: 橋墩鋼板包覆，A36 | C63: 110/05/31 | F63: 3 | H63: 片 | K63: 3片 | M63: 威勝:周孝忠
A64: 6 | B64: 壹.一.1 .19 | C64: 111/03/15 | D64: 105 | E64: T | J64: (同一爐號) 每批≦50T取樣 1次，≧50T≦100T 加取1次。 | M64: 監造:
B65: 鋼板止震裝置，A709/A572 GR.50 | H65: 片 | M65: 威勝:
A66: 7 | B66: 壹.一.1 .20、壹.一.1 .21 | C66: 111/01/15 | D66: 875 | E66: M2 | F66: 110/12/24 | J66: 每批/一次 。 | K66: 1式 | L66: 試驗中 | M66: 監造:吳英傑 | N66: 試驗中
B67: 油漆 | C67: 110/12/24 | F67: 1 | H67: 次 | K67: 1式 | M67: 威勝:劉琮誠
A68: 8 | B68: 壹.一.1 .22、 壹.一.1 .23、 壹.一.1 .24 | C68: 110/05/30 | D68: 175438 | E68: 支 | F68: 110/12/15 | J68: 每批完成之有效樣本分別做2%之隨機取樣拉拔試驗，每批最少取樣5支；或4%之隨機取樣拉拔試驗，每批最少取樣10支。 | K68: 68385支 | L68: 合格 | M68: 監造:洪詔勛 | N68: 21-1215-007植
B69: 化學黏著錨筋，16mm∮ | C69: 110/05/25 | F69: 136 | H69: 支 | K69: 1883支 | M69: 威勝:蔡宗育
B70: 壹.一.1 . 25 | C70: 110/04/30 | D70: 52992 | E70: 支 | F70: 110/11/29 | J70: 每批完成之有效樣本分別做2%之隨機取樣拉拔試驗，每批最少取樣5支；或4%之隨機取樣拉拔試驗，每批最少取樣10支。 | K70: 12833 | L70: 合格 | M70: 監造:洪詔勛 | N70: 21-1129-011B植
B71: 化學黏著錨筋，19mm∮ | C71: 110/04/09 | F71: 12 | H71: 支 | K71: 533支 | M71: 威勝:林士興
B72: 壹.一.1 .26、壹.一.1 .27 | C72: 110/10/15 | D72: =28804+1648 -> 30452 | E72: 支 | F72: 110/10/08 | J72: 每批完成之有效樣本分別做2%之隨機取樣拉拔試驗，每批最少取樣5支；或4%之隨機取樣拉拔試驗，每批最少取樣10支。 | K72: 344支 | L72: 合格 | M72: 監造:洪詔勛 | N72: 21-1007-004植
B73: 化學黏著錨筋，22mm∮ | C73: 110/04/29 | F73: 5 | H73: 支 | K73: 15支 | M73: 威勝:蔡宗育
B74: 壹.一.1 . 28、壹.一.1 .29 | C74: 111/03/30 | D74: 2810 | E74: 支 | J74: 每批完成之有效樣本分別做2%之隨機取樣拉拔試驗，每批最少取樣5支；或4%之隨機取樣拉拔試驗，每批最少取樣10支。 | L74: 合格 | M74: 監造:
B75: 化學黏著錨筋，25mm∮ | H75: 支 | M75: 威勝:
B76: 壹.一.1 .30 | C76: 111/03/30 | D76: 16 | E76: 支 | J76: 每批完成之有效樣本分別做2%之隨機取樣拉拔試驗，每批最少取樣5支；或4%之隨機取樣拉拔試驗，每批最少取樣10支。 | L76: 合格 | M76: 監造:
B77: 化學黏著錨筋，29mm∮ | H77: 支 | M77: 威勝:
B78: 壹.一.1 .37 | C78: 111/03/30 | D78: 16 | E78: 支 | J78: 每批完成之有效樣本分別做2%之隨機取樣拉拔試驗，每批最少取樣5支；或4%之隨機取樣拉拔試驗，每批最少取樣10支。 | L78: 合格 | M78: 監造:
B79: 化學黏著錨筋，32mm∮ | H79: 支 | M79: 威勝:
B80: 壹.一.1 .31 | C80: 109/10/13 | D80: 4 | E80: 組 | F80: 109/10/13 | J80: (施工前拉拔試驗)，取樣1組=3支。 | K80: =4+4 -> 8 | L80: 合格 | M80: 監造:吳英傑 | N80: 飛魚藥劑:4組 (M38A2-J-c-E-007) 喜利得藥劑:4組 (M38A2-J-c-E-008)
B81: 化學黏著錨筋，施工前拉拔試驗 16mm∮ | C81: 109/10/13 | F81: 4 | H81: 組 | K81: =4+4 -> 8 | M81: 威勝:蘇俊男
A82: 8 | B82: 壹.一.1 .32 | C82: 109/10/13 | D82: 2 | E82: 組 | F82: 109/10/13 | J82: (施工前拉拔試驗)，取樣1組=3支。 | K82: =2+2 -> 4 | L82: 合格 | M82: 監造:吳英傑 | N82: 飛魚藥劑:2組 (M38A2-J-c-E-007) 喜利得藥劑:2組 (M38A2-J-c-E-008)
B83: 化學黏著錨筋，施工前拉拔試驗 19mm∮ | C83: 109/10/13 | F83: 2 | H83: 組 | K83: =2+2 -> 4 | M83: 威勝:蘇俊男
B84: 壹.一.1 .33 | C84: 109/10/13 | D84: 2 | E84: 組 | F84: 109/10/13 | J84: (施工前拉拔試驗)，取樣1組=3支。 | K84: =2+2 -> 4 | L84: 合格 | M84: 監造:吳英傑 | N84: 飛魚藥劑:2組 (M38A2-J-c-E-007) 喜利得藥劑:2組 (M38A2-J-c-E-008)
B85: 化學黏著錨筋，施工前拉拔試驗 22mm∮ | C85: 109/10/13 | F85: 2 | H85: 組 | K85: =2+2 -> 4 | M85: 威勝:蘇俊男
B86: 壹.一.1 .34 | C86: 109/10/13 | D86: 2 | E86: 組 | F86: 109/10/13 | J86: (施工前拉拔試驗)，取樣1組=3支。 | K86: =2+2 -> 4 | L86: 合格 | M86: 監造:吳英傑 | N86: 飛魚藥劑:3組 (M38A2-J-c-E-007) 喜利得藥劑:3組 (M38A2-J-c-E-008)
B87: 化學黏著錨筋，施工前拉拔試驗 25mm∮ | C87: 109/10/13 | F87: 2 | H87: 組 | K87: =2+2 -> 4 | M87: 威勝:蘇俊男
B88: 壹.一.1 .35 | C88: 109/10/13 | D88: 1 | E88: 組 | F88: 109/10/13 | J88: (施工前拉拔試驗)，取樣1組=3支。 | K88: =1+1 -> 2 | L88: 合格 | M88: 監造:吳英傑 | N88: 飛魚藥劑:1組 (M38A2-J-c-E-007) 喜利得藥劑:1組 (M38A2-J-c-E-008)
B89: 化學黏著錨筋，施工前拉拔試驗 29mm∮ | C89: 109/10/13 | F89: 1 | H89: 組 | K89: =1+1 -> 2 | M89: 廠商:蘇俊男
B90: 壹.一.1 .38 | C90: 109/10/13 | D90: 1 | E90: 組 | F90: 109/10/13 | J90: (施工前拉拔試驗)，取樣1組=3支。 | K90: 2 | L90: 合格 | M90: 監造:吳英傑 | N90: 飛魚藥劑:1組 (M38A2-J-c-E-007) 喜利得藥劑:1組 (M38A2-J-c-E-008)
B91: 化學黏著錨栓，施工前拉拔試驗 25mm∮ | C91: 109/10/13 | F91: 1 | H91: 組 | K91: 2組 | M91: 威勝:蘇俊男
B92: 壹.一.1 .39 | C92: 109/10/13 | D92: 1 | E92: 組 | F92: 109/10/13 | J92: (施工前拉拔試驗)，取樣1組=3支。 | K92: 2 | L92: 合格 | M92: 監造:吳英傑 | N92: 飛魚藥劑:1組 (M38A2-J-c-E-007) 喜利得藥劑:1組 (M38A2-J-c-E-008)
B93: 化學黏著錨筋，施工前拉拔試驗 32mm∮ | C93: 109/10/13 | F93: 1 | H93: 組 | K93: 2組 | M93: 威勝:蘇俊男
A94: 9 | B94: 壹.一.1 . 40 | C94: 111/03/30 | D94: 1600 | E94: M | J94: 每批/一次 。 | M94: 監造:
B95: 高強度螺栓，32mm∮(符合ASTM A449規定) | H95: 支 | M95: 威勝:
B96: 壹.一.1 .41 | C96: 111/03/30 | D96: 720 | E96: M | J96: 每批/一次 。 | M96: 監造:
B97: 高強度螺栓，38mm∮(符合ASTM A449規定) | H97: 支 | M97: 威勝:
A98: 10 | B98: 壹.一.1 . 43 | C98: 111/03/30 | D98: 32 | E98: 個 | J98: (同一爐號)拉力試驗每200個取樣１個，且至少3個高塑性反復載重試驗試體，應取樣所用最大號數鋼筋，每1000個取樣1個。 | M98: 監造:
B99: 鋼筋續接器，22mm∮ | H99: 個 | M99: 威勝:
B100: 壹.一.1 .44 | C100: 111/03/30 | D100: 1924 | E100: 個 | M100: 監造:
...

Sheet 材料與設備試驗管制總表
A1: 國道1號265k+286排水箱涵改建工程 材料設備檢(試)驗管制總表
A2: 項次 | B2: 契約詳細表項次 | C2: 預定進場日期 | D2: 進場 數量 | F2: 抽樣日期 | J2: 規定抽樣 頻率 | K2: 累積進場數量 | L2: 檢(試)驗 結果 | M2: 檢(試)及會同 | N2: 備註
B3: 材料(設備)名稱 | C3: 實際進場日期 | F3: 抽樣數量 | K3: 累積抽樣數量 | M3: 人員 | N3: (歸檔編號、報告編號)
B4: 水泥 | C4: 112/04/12 | D4: 廠驗 | F4: 112/04/12 | J4: 廠驗 | K4: 廠驗 | L4: 合格 | M4: 主辦：謝孟承 監造：邱俊榮 | N4: 265K-J-a-C1-002 SGS KB-23-03280-C-23-08984、 RKG23000490Y
C5: 112/04/12(廠驗) | F5: 廠驗 | K5: 廠驗 | M5: 威勝:杜文斌、黃淑惠
B6: 細粒料 | C6: 112/04/12 | D6: 廠驗 | F6: 112/04/12 | J6: 每半年 | K6: 廠驗 | L6: 合格 | M6: 主辦：謝孟承 監造：邱俊榮 | N6: 265K-J-a-C1-002 SGS KB-23-03283-C-23-08987
C7: 112/04/12(廠驗) | F7: 1 | K7: =F7 -> 1 | M7: 威勝:杜文斌、黃淑惠
B8: 細粒料 | C8: 112/10/11 | D8: 112年 第二季取樣 | F8: =C9 -> 112/10/04 | J8: 每半年 | K8: =D8 -> 112年 第二季取樣 | L8: 合格 | M8: 監造：顧永春 | N8: 265K-J-a-C1-007 KB-23-09301-C-23-23462
C9: 112/10/04 | F9: 1 | K9: =F9+K7 -> 2 | M9: 威勝：杜文斌
B10: 細粒料 | C10: 113/04/04 | D10: 113年 半年度第一次取樣 | F10: =C11 -> 113/03/28 | J10: 每半年 | K10: =D10 -> 113年 半年度第一次取樣 | L10: 合格 | M10: 監造：葉致廷 | N10: 265K-J-a-C1-010 SGS斗六實驗室 TB-24-02104、C-24-05292 KB-24-03977、C-24-09345
C11: 113/03/28 | F11: 1 | K11: =F11+K9 -> 3 | M11: 威勝：杜文斌
B12: 細粒料 | C12: 113/09/28 | D12: 113年 半年度第二次取樣 | F12: =C13 -> 113/09/26 | J12: 每半年 | K12: =D12 -> 113年 半年度第二次取樣 | L12: 合格 | M12: 監造：葉致廷 | N12: 265K-J-a-C1-014 SGS斗六實驗室 TB-24-07188、C-24-17240 KB-24-10352、C-24-27268
C13: 113/09/26 | F13: 1 | K13: =F13+K11 -> 4 | M13: 威勝：杜文斌
B14: 細粒料 | C14: 114/03/12 | D14: 114年 半年度第一次取樣 | F14: =C15 -> 114/03/12 | J14: 每半年 | K14: =D14 -> 114年 半年度第一次取樣 | L14: 合格 | M14: 監造：葉致廷 | N14: 265K-J-a-C1-015 SGS斗六實驗室 TB-25-01452、C-25-03731、KB-25-02260、C-25-07228
C15: 114/03/12 | F15: 1 | K15: =F15+K13 -> 5 | M15: 威勝：杜文斌
B16: 粗粒料 | C16: 112/04/12 | D16: 廠驗 | F16: 112/04/12 | J16: 每半年 | K16: 廠驗 | L16: 合格 | M16: 主辦：謝孟承 監造：邱俊榮 | N16: 265K-J-a-C1-002 SGS KB-23-03283-C-23-08987
C17: 112/04/12(廠驗) | F17: 1 | K17: =F17 -> 1 | M17: 威勝:杜文斌、黃淑惠
B18: 粗粒料 | C18: 112/10/11 | D18: 112年 第二季取樣 | F18: =C19 -> 112/10/04 | J18: 每半年 | K18: =D18 -> 112年 第二季取樣 | L18: 合格 | M18: 監造：顧永春 | N18: 265K-J-a-C1-007 KB-23-09301-C-23-23462
C19: 112/10/04 | F19: 1 | K19: =F19+K17 -> 2 | M19: 威勝：杜文斌
B20: 粗粒料 | C20: 113/04/04 | D20: 113年 半年度第一次取樣 | F20: =C21 -> 113/03/28 | J20: 每半年 | K20: =D20 -> 113年 半年度第一次取樣 | L20: 合格 | M20: 監造：葉致廷 | N20: 265K-J-a-C1-010 SGS斗六實驗室 TB-24-02104、C-24-05292 KB-24-03977、C-24-09345
C21: 113/03/28 | F21: 1 | K21: =F21+K19 -> 3 | M21: 威勝：杜文斌
B22: 粗粒料 | C22: 113/09/28 | D22: 113年 半年度第二次取樣 | F22: =C23 -> 113/09/26 | J22: 每半年 | K22: =D22 -> 113年 半年度第二次取樣 | L22: 合格 | M22: 監造：葉致廷 | N22: 265K-J-a-C1-014 SGS斗六實驗室 TB-24-07188、C-24-17240 KB-24-10352、C-24-27268
C23: 113/09/26 | F23: 1 | K23: =F23+K21 -> 4 | M23: 威勝：杜文斌
B24: 粗粒料 | C24: 114/03/12 | D24: 114年 半年度第一次取樣 | F24: =C25 -> 114/03/12 | J24: 每半年 | K24: =D24 -> 114年 半年度第一次取樣 | L24: 合格 | M24: 監造：葉致廷 | N24: 265K-J-a-C1-015 SGS斗六實驗室 TB-25-01452、C-25-03731、KB-25-02260、C-25-07228
C25: 114/03/12 | F25: 1 | K25: =F25+K23 -> 5 | M25: 威勝：杜文斌
B26: 拌和水 | C26: 112/04/12 | D26: 廠驗 | F26: 112/04/12 | J26: 每半年 | K26: 廠驗 | L26: 合格 | M26: 主辦：謝孟承 監造：邱俊榮 | N26: 265K-J-a-C1-002 SGS RKG23000492Y KB-23-03279-C-23-08983
C27: 112/04/12(廠驗) | F27: 1 | K27: =F27 -> 1 | M27: 威勝:杜文斌、黃淑惠
B28: 拌和水 | C28: 112/10/11 | D28: 112年 第二季取樣 | F28: =C29 -> 112/10/04 | J28: 每半年 | K28: =D28 -> 112年 第二季取樣 | L28: 合格 | M28: 監造：顧永春 | N28: 265K-J-a-C1-007 SGS-23-09300-C-23-23461
C29: 112/10/04 | F29: 1 | K29: =F29+K27 -> 2 | M29: 威勝：杜文斌
B30: 拌和水 | C30: 113/04/04 | D30: 113年 半年度第一次取樣 | F30: =C31 -> 113/03/28 | J30: 每半年 | K30: =D30 -> 113年 半年度第一次取樣 | L30: 合格 | M30: 監造：葉致廷 | N30: 265K-J-a-C1-010 SGS斗六實驗室 KB-24-03978、C-24-09346 RKG24000647
C31: 113/03/28 | F31: 1 | K31: =F31+K29 -> 3 | M31: 威勝：杜文斌
B32: 拌和水 | C32: 113/09/28 | D32: 113年 半年度第二次取樣 | F32: =C33 -> 113/09/26 | J32: 每半年 | K32: =D32 -> 113年 半年度第二次取樣 | L32: 合格 | M32: 監造：葉致廷 | N32: 265K-J-a-C1-014 SGS斗六實驗室 RKG24001654、KB-24-10353 C-24-27269
C33: 113/09/26 | F33: 1 | K33: =F33+K31 -> 4 | M33: 威勝：杜文斌
B34: 拌和水 | C34: 114/03/12 | D34: 114年 半年度第一次取樣 | F34: =C35 -> 114/03/12 | J34: 每半年 | K34: =D34 -> 114年 半年度第一次取樣 | L34: 合格 | M34: 監造：葉致廷 | N34: 265K-J-a-C1-015 SGS斗六實驗室 RKG25000382、KB-25-02259 C-25-07227
C35: 114/03/12 | F35: 1 | K35: =F35+K33 -> 5 | M35: 威勝：杜文斌
B36: 飛灰 | C36: 112/04/12 | D36: 廠驗 | F36: 112/04/12 | J36: 廠驗 | K36: 廠驗 | L36: 合格 | M36: 主辦：謝孟承 監造：邱俊榮 | N36: 265K-J-a-C1-002 SGS RKG23000493Y KB-23-03282-C-23-08986
C37: 112/04/12(廠驗) | F37: 廠驗 | K37: 廠驗 | M37: 威勝:杜文斌、黃淑惠
B38: 高爐石粉 | C38: 112/04/12 | D38: 廠驗 | F38: 112/04/12 | J38: 廠驗 | K38: 廠驗 | L38: 合格 | M38: 主辦：謝孟承 監造：邱俊榮 | N38: 265K-J-a-C1-002 SGS- KB-23-03281-C-23-08985、 RKG23000491Y
C39: 112/04/12(廠驗) | F39: 廠驗 | K39: 廠驗 | M39: 威勝:杜文斌、黃淑惠
B40: 化學摻劑 | C40: 112/04/12 | D40: 廠驗 | F40: 112/04/12 | J40: 每半年 | K40: 廠驗 | L40: 合格 | M40: 主辦：謝孟承 監造：邱俊榮 | N40: 265K-J-a-C1-002 SGS-佑聲SP-150 KB-23-03403-1-C-23-09305 HB-23-02627-C-23-11032 SGS-明氏MC-2188 KB-23-03402-1-C-23-09304 HB-23-02629-C-23-11034
C41: 112/04/12(廠驗) | F41: 1 | K41: =F41 -> 1 | M41: 威勝:杜文斌、黃淑惠
B42: 化學摻劑 | C42: 112/10/11 | D42: 112年 第二季取樣 | F42: =C43 -> 112/10/04 | J42: 每半年 | K42: =D42 -> 112年 第二季取樣 | L42: 合格 | M42: 監造：顧永春 | N42: 265K-J-a-C1-007 SGS-佑聲SP-150 HB-23-07745-C-23-32728 SGS-明氏MC-2188 KB-23-09298-C-23-23459 HB-23-07747-C-23-32730
C43: 112/10/04 | F43: 1 | K43: =F43+K41 -> 2 | M43: 威勝：杜文斌
B44: 化學摻劑 | C44: 113/04/04 | D44: 113年 半年度第一次取樣 | F44: =C45 -> 113/03/28 | J44: 每半年 | K44: =D44 -> 113年 半年度第一次取樣 | L44: 合格 | M44: 監造：葉致廷 | N44: 265K-J-a-C1-010 SGS斗六實驗室 明氏MC-Powerflow2188: KB-24-03981、C-24-09349 HB-24-02734、C-24-11248 佑聲SP-150: HB-24-02735、C-24-11249 KB-24-03982、C-24-09350
C45: 113/03/28 | F45: 1 | K45: =F45+K43 -> 3 | M45: 威勝：杜文斌
B46: 化學摻劑 | C46: 113/09/28 | D46: 113年 半年度第二次取樣 | F46: =C47 -> 113/09/23 | J46: 每半年 | K46: =D46 -> 113年 半年度第二次取樣 | L46: 合格 | M46: 監造：葉致廷 | N46: 265K-J-a-C1-014 SGS斗六實驗室 明氏MC-Powerflow2188: KB-24-10355、C-24-27271 HB-24-08802、C-24-33430 佑聲SP-150: KB-24-10354、C-24-27270 HB-24-08803、C-24-33431
C47: 113/09/23 | F47: 1 | K47: =F47+K45 -> 4 | M47: 威勝：杜文斌
B48: 化學摻劑 | C48: 114/03/12 | D48: 114年 半年度第一次取樣 | F48: =C49 -> 114/03/12 | J48: 每半年 | K48: =D48 -> 114年 半年度第一次取樣 | L48: 合格 | M48: 監造：葉致廷 | N48: 265K-J-a-C1-015 SGS斗六實驗室 明氏MC-Powerflow2188: KB-25-02258、C-25-07226 HB-25-01953、C-25-07811 佑聲SP-150: KB-25-02257、C-25-07225 HB-25-01952、C-25-07810
C49: 114/03/12 | F49: 1 | K49: =F49+K47 -> 5 | M49: 威勝：杜文斌
A50: 1 | B50: 預拌混凝土工程
A51: 1-1 | B51: 壹.甲.(B.5、B.12、D.1、E.1、H.1、A.9(280代替方案)) | C51: 112/04/18 | D51: 試拌 | F51: 112/04/18 | J51: 試拌 | K51: 試拌 | L51: 合格 | M51: 主辦：謝孟承 監造：邱俊榮 | N51: 265K-J-a-C1-003 昌煇-2304800-7天 昌煇-2304801-28天
B52: 280kgf/cm2混凝土 | C52: 112/04/18 | F52: 1 | G52: 組 | H52: 6 | I52: 顆 | K52: 試拌 | M52: 威勝：杜文斌
A53: 1-1 | B53: 壹.甲.(B.5、B.12、D.1、E.1、H.1、A.9(280代替方案)) | C53: 112/04/21 | D53: 廠拌 | F53: 112/04/21 | J53: 廠拌 | K53: 廠拌 | L53: 合格 | M53: 主辦：謝孟承 監造：邱俊榮 | N53: 265K-J-a-C1-003 竣葦-2305206-1-7天 竣葦-2305207-28天
B54: 280kgf/cm2混凝土 | C54: 112/04/21 | F54: 1 | G54: 組 | H54: 6 | I54: 顆 | K54: 廠拌 | M54: 威勝：杜文斌
A55: 1-1 | B55: 壹.甲.(B.5、B.12、D.1、E.1、H.1、A.9(280代替方案)) | C55: 112/09/26 | D55: 48 | E55: M3 | F55: 112/09/26 | J55: 20M3以下 取1組 20M3-50M3 取樣2組 50M3 取樣3組 100M3~200M3取4組 | K55: =D55 -> 48 | L55: 合格 | M55: 監造：李之杰 | N55: 265K-J-a-C280-001 竣葦-2311418-7天 竣葦-2311419-28天
B56: 280kgf/cm2混凝土 | C56: 112/09/26 | F56: 2 | G56: 組 | H56: 6 | I56: 顆 | K56: =F56 -> 2 | M56: 威勝：黃劭鈞
A57: 1-1 | B57: 壹.甲.(B.5、B.12、D.1、E.1、H.1、A.9(280代替方案)) | C57: 112/09/27 | D57: 112 | E57: M3 | F57: =C58 -> 112/09/27 | J57: 20M3以下 取1組 20M3-50M3 取樣2組 50M3 取樣3組 100M3~200M3取4組 | K57: =K55+D57 -> 160 | L57: 合格 | M57: 監造：李之杰 | N57: 265K-J-a-C280-002 竣葦-2311460-7天 竣葦-2311461-28天
B58: 280kgf/cm2混凝土 | C58: 112/09/27 | F58: 4 | G58: 組 | H58: 12 | I58: 顆 | K58: =F58+K56 -> 6 | M58: 威勝：黃劭鈞
A59: 1-1 | B59: 壹.甲.(B.5、B.12、D.1、E.1、H.1、A.9(280代替方案)) | C59: 112/09/28 | D59: 40 | E59: M3 | F59: =C60 -> 112/09/28 | J59: 20M3以下 取1組 20M3-50M3 取樣2組 50M3 取樣3組 100M3~200M3取4組 | K59: =K57+D59 -> 200 | L59: 合格 | M59: 監造：陳宥維 | N59: 265K-J-a-C280-003 竣葦-2311498-7天 竣葦-2311499-28天
B60: 280kgf/cm2混凝土 | C60: 112/09/28 | F60: 2 | G60: 組 | H60: 6 | I60: 顆 | K60: =F60+K58 -> 8 | M60: 威勝：黃劭鈞
A61: 1-1 | B61: 壹.甲.(B.5、B.12、D.1、E.1、H.1、A.9(280代替方案)) | C61: 112/10/02 | D61: 145.5 | E61: M3 | F61: =C62 -> 112/10/02 | J61: 20M3以下 取1組 20M3-50M3 取樣2組 50M3 取樣3組 100M3~200M3取4組 | K61: =K59+D61 -> 345.5 | L61: 合格 | M61: 監造：陳宥維 | N61: 265K-J-a-C280-004 昌煇-2311063-7天 昌煇-2311064-28天
B62: 280kgf/cm2混凝土 | C62: 112/10/02 | F62: 4 | G62: 組 | H62: 12 | I62: 顆 | K62: =F62+K60 -> 12 | M62: 威勝：蔡侑滕
A63: 1-1 | B63: 壹.甲.(B.5、B.12、D.1、E.1、H.1、A.9(280代替方案)) | C63: 113/01/31 | D63: 115 | E63: M3 | F63: =C64 -> 113/01/31 | J63: 20M3以下 取1組 20M3-50M3 取樣2組 50M3 取樣3組 100M3~200M3取4組 | K63: =K61+D63 -> 460.5 | L63: 合格 | M63: 監造：陳宥維 | N63: 265K-J-a-C280-005 昌煇-2401315-7天 昌煇-2401316-28天
B64: 280kgf/cm2混凝土 | C64: =C63 -> 113/01/31 | F64: 4 | G64: 組 | H64: 12 | I64: 顆 | K64: =F64+K62 -> 16 | M64: 威勝：黃劭鈞
A65: 1-1 | B65: 壹.甲.(B.5、B.12、D.1、E.1、H.1、A.9(280代替方案)) | C65: 113/02/20 | D65: 111.5 | E65: M3 | F65: =C66 -> 113/02/20 | J65: 20M3以下 取1組 20M3-50M3 取樣2組 50M3 取樣3組 100M3~200M3取4組 | K65: =K63+D65 -> 572 | L65: 合格 | M65: 監造：陳宥維 | N65: 265K-J-a-C280-006 昌煇--2401892-7天 昌煇--2401893-14天 昌煇-2401894-28天
B66: 280kgf/cm2混凝土 | C66: =C65 -> 113/02/20 | F66: 4 | G66: 組 | H66: 12 | I66: 顆 | K66: =F66+K64 -> 20 | M66: 威勝：黃劭鈞、王建凱
A67: 1-1 | B67: 壹.甲.(B.5、B.12、D.1、E.1、H.1、A.9(280代替方案)) | C67: 113/02/23 | D67: 1.5 | E67: M3 | F67: =C68 -> 113/02/23 | J67: 20M3以下 取1組 20M3-50M3 取樣2組 50M3 取樣3組 100M3~200M3取4組 | K67: =K65+D67 -> 573.5 | L67: 合格 | M67: 監造：顧永春 | N67: 265K-J-a-C280-007 昌煇-2402093-7天 昌煇-2402095-1-28天
B68: 280kgf/cm2混凝土 | C68: =C67 -> 113/02/23 | F68: 1 | G68: 組 | H68: 4 | I68: 顆 | K68: =F68+K66 -> 21 | M68: 威勝：黃劭鈞
A69: 1-1 | B69: 壹.甲.(B.5、B.12、D.1、E.1、H.1、A.9(280代替方案)) | C69: 113/02/24 | D69: 1.5 | E69: M3 | F69: =C70 -> 113/02/24 | J69: 20M3以下 取1組 20M3-50M3 取樣2組 50M3 取樣3組 100M3~200M3取4組 | K69: =K67+D69 -> 575 | L69: 合格 | M69: 監造：顧永春 | N69: 265K-J-a-C280-008 昌煇-2402090-7天 昌煇-2402092-28天
B70: 280kgf/cm2混凝土 | C70: =C69 -> 113/02/24 | F70: 1 | G70: 組 | H70: 4 | I70: 顆 | K70: =F70+K68 -> 22 | M70: 威勝：黃劭鈞
A71: 1-1 | B71: 壹.甲.(B.5、B.12、D.1、E.1、H.1、A.9(280代替方案)) | C71: 113/03/21 | D71: 12 | E71: M3 | F71: =C72 -> 113/03/21 | J71: 20M3以下 取1組 20M3-50M3 取樣2組 50M3 取樣3組 100M3~200M3取4組 | K71: =K69+D71 -> 587 | L71: 合格 | M71: 監造：葉致廷 | N71: 265K-J-a-C280-009 竣葦-2404562-7天 竣葦-2404563-28天
B72: 280kgf/cm2混凝土 | C72: =C71 -> 113/03/21 | F72: 1 | G72: 組 | H72: 3 | I72: 顆 | K72: =F72+K70 -> 23 | M72: 威勝：黃劭鈞
A73: 1-1 | B73: 壹.甲.(B.5、B.12、D.1、E.1、H.1、A.9(280代替方案)) | C73: 113/04/10 | D73: 10 | E73: M3 | F73: =C74 -> 113/04/10 | J73: 20M3以下 取1組 20M3-50M3 取樣2組 50M3 取樣3組 100M3~200M3取4組 | K73: =K71+D73 -> 597 | L73: 合格 | M73: 監造：林國邦 | N73: 265K-J-a-C280-010 昌煇-2403808-7天 昌煇-2403809-28天
B74: 280kgf/cm2混凝土 | C74: =C73 -> 113/04/10 | F74: 1 | G74: 組 | H74: 3 | I74: 顆 | K74: =F74+K72 -> 24 | M74: 威勝：王建凱
A75: 1-1 | B75: 壹.甲.(B.5、B.12、D.1、E.1、H.1、A.9(280代替方案)) | C75: 113/05/03 | D75: 22.5 | E75: M3 | F75: =C76 -> 113/05/03 | J75: 20M3以下 取1組 20M3-50M3 取樣2組 50M3 取樣3組 100M3~200M3取4組 | K75: =K73+D75 -> 619.5 | L75: 合格 | M75: 監造：陳宥維 | N75: 265K-J-a-C280-011 竣葦-2406617-7天 竣葦-2406618-28天
B76: 280kgf/cm2混凝土 | C76: =C75 -> 113/05/03 | F76: 2 | G76: 組 | H76: 6 | I76: 顆 | K76: =F76+K74 -> 26 | M76: 威勝：孫振銘
A77: 1-1 | B77: 壹.甲.(B.5、B.12、D.1、E.1、H.1、A.9(280代替方案)) | C77: 113/05/18 | D77: 29.5 | E77: M3 | F77: =C78 -> 113/05/18 | J77: 20M3以下 取1組 20M3-50M3 取樣2組 50M3 取樣3組 100M3~200M3取4組 | K77: =K75+D77 -> 649 | L77: 合格 | M77: 監造：陳宥維 | N77: 265K-J-a-C280-012 竣葦-2407352-7天 竣葦-2407353-28天
B78: 280kgf/cm2混凝土 | C78: =C77 -> 113/05/18 | F78: 2 | G78: 組 | H78: 6 | I78: 顆 | K78: =F78+K76 -> 28 | M78: 威勝：孫振銘
A79: 1-1 | B79: 壹.甲.(B.5、B.12、D.1、E.1、H.1、A.9(280代替方案)) | C79: 113/05/21 | D79: 33 | E79: M3 | F79: =C80 -> 113/05/21 | J79: 20M3以下 取1組 20M3-50M3 取樣2組 50M3 取樣3組 100M3~200M3取4組 | K79: =K77+D79 -> 682 | L79: 合格 | M79: 監造：林國邦 | N79: 265K-J-a-C280-013 竣葦-2407550-7天 竣葦-2407551-28天
B80: 280kgf/cm2混凝土 | C80: =C79 -> 113/05/21 | F80: 2 | G80: 組 | H80: 6 | I80: 顆 | K80: =F80+K78 -> 30 | M80: 威勝：杜文斌
A81: 1-1 | B81: 壹.甲.(B.5、B.12、D.1、E.1、H.1、A.9(280代替方案)) | C81: 113/05/22 | D81: 12 | E81: M3 | F81: =C82 -> 113/05/22 | J81: 20M3以下 取1組 20M3-50M3 取樣2組 50M3 取樣3組 100M3~200M3取4組 | K81: =K79+D81 -> 694 | L81: 合格 | M81: 監造：林國邦 | N81: 265K-J-a-C280-014 竣葦-2407620-1-7天 竣葦-2407621-28天
B82: 280kgf/cm2混凝土 | C82: =C81 -> 113/05/22 | F82: 1 | G82: 組 | H82: 3 | I82: 顆 | K82: =F82+K80 -> 31 | M82: 威勝：杜文斌
A83: 1-1 | B83: 壹.甲.(B.5、B.12、D.1、E.1、H.1、A.9(280代替方案)) | C83: 113/05/23 | D83: 41 | E83: M3 | F83: =C84 -> 113/05/23 | J83: 20M3以下 取1組 20M3-50M3 取樣2組 50M3 取樣3組 100M3~200M3取4組 | K83: =K81+D83 -> 735 | L83: 合格 | M83: 監造：林國邦 | N83: 265K-J-a-C280-015 竣葦-2407764-1-7天 竣葦-2407665-28天
B84: 280kgf/cm2混凝土 | C84: =C83 -> 113/05/23 | F84: 2 | G84: 組 | H84: 6 | I84: 顆 | K84: =F84+K82 -> 33 | M84: 威勝：杜文斌
A85: 1-1 | B85: 壹.甲.(B.5、B.12、D.1、E.1、H.1、A.9(280代替方案)) | C85: 113/06/01 | D85: 21.5 | E85: M3 | F85: =C86 -> 113/06/01 | J85: 20M3以下 取1組 20M3-50M3 取樣2組 50M3 取樣3組 100M3~200M3取4組 | K85: =K83+D85 -> 756.5 | L85: 合格 | M85: 監造：邱俊榮 | N85: 265K-J-a-C280-016 昌煇-2405921-10天 昌煇-2405922-28天
B86: 280kgf/cm2混凝土 | C86: =C85 -> 113/06/01 | F86: 1 | G86: 組 | H86: 3 | I86: 顆 | K86: =F86+K84 -> 34 | M86: 威勝：孫振銘
A87: 1-1 | B87: 壹.甲.(B.5、B.12、D.1、E.1、H.1、A.9(280代替方案)) | C87: 113/06/03 | D87: 20.5 | E87: M3 | F87: =C88 -> 113/06/03 | J87: 20M3以下 取1組 20M3-50M3 取樣2組 50M3 取樣3組 100M3~200M3取4組 | K87: =K85+D87 -> 777 | L87: 合格 | M87: 監造：林國邦 | N87: 265K-J-a-C280-017 昌煇-2406001-8天 昌煇-2406002-28天
B88: 280kgf/cm2混凝土 | C88: =C87 -> 113/06/03 | F88: 1 | G88: 組 | H88: 6 | I88: 顆 | K88: =F88+K86 -> 35 | M88: 威勝：杜文斌
A89: 1-1 | B89: 壹.甲.(B.5、B.12、D.1、E.1、H.1、A.9(280代替方案)) | C89: 113/06/04 | D89: 4.5 | E89: M3 | F89: =C90 -> 113/06/04 | J89: 20M3以下 取1組 20M3-50M3 取樣2組 50M3 取樣3組 100M3~200M3取4組 | K89: =K87+D89 -> 781.5 | L89: 合格 | M89: 監造：林國邦 | N89: 265K-J-a-C280-018 昌煇-2406042-7天 昌煇-2406043-28天
B90: 280kgf/cm2混凝土 | C90: =C89 -> 113/06/04 | F90: 1 | G90: 組 | H90: 6 | I90: 顆 | K90: =F90+K88 -> 36 | M90: 威勝：孫振銘
A91: 1-1 | B91: 壹.甲.(B.5、B.12、D.1、E.1、H.1、A.9(280代替方案)) | C91: 113/06/05 | D91: 3 | E91: M3 | F91: =C92 -> 113/06/05 | J91: 20M3以下 取1組 20M3-50M3 取樣2組 50M3 取樣3組 100M3~200M3取4組 | K91: =K89+D91 -> 784.5 | L91: 合格 | M91: 監造：林國邦 | N91: 265K-J-a-C280-019 昌煇-2406194-7天 昌煇-2406195-28天
B92: 280kgf/cm2混凝土 | C92: =C91 -> 113/06/05 | F92: 1 | G92: 組 | H92: 6 | I92: 顆 | K92: =F92+K90 -> 37 | M92: 威勝：杜文斌
A93: 1-1 | B93: 壹.甲.(B.5、B.12、D.1、E.1、H.1、A.9(280代替方案)) | C93: 113/09/26 | D93: 100 | E93: M3 | F93: =C94 -> 113/09/26 | J93: 20M3以下 取1組 20M3-50M3 取樣2組 50M3 取樣3組 100M3~200M3取4組 | K93: =K91+D93 -> 884.5 | L93: 合格 | M93: 監造：林國邦 | N93: 265K-J-a-C280-020 昌煇-2410250-7天 昌煇-2410251-28天
B94: 280kgf/cm2混凝土 | C94: =C93 -> 113/09/26 | F94: 4 | G94: 組 | H94: 12 | I94: 顆 | K94: =F94+K92 -> 41 | M94: 威勝：許貴森
A95: 1-1 | B95: 壹.甲.(B.5、B.12、D.1、E.1、H.1、A.9(280代替方案)) | C95: 113/09/28 | D95: 106.5 | E95: M3 | F95: =C96 -> 113/09/28 | J95: 20M3以下 取1組 20M3-50M3 取樣2組 50M3 取樣3組 100M3~200M3取4組 | K95: =K93+D95 -> 991 | L95: 合格 | M95: 監造：林國邦 | N95: 265K-J-a-C280-021 昌煇-2410301-7天 昌煇-2410302-28天
B96: 280kgf/cm2混凝土 | C96: =C95 -> 113/09/28 | F96: 4 | G96: 組 | H96: 12 | I96: 顆 | K96: =F96+K94 -> 45 | M96: 威勝：徐國瑋
A97: 1-1 | B97: 壹.甲.(B.5、B.12、D.1、E.1、H.1、A.9(280代替方案)) | C97: 113/09/30 | D97: 9 | E97: M3 | F97: =C98 -> 113/09/30 | J97: 20M3以下 取1組 20M3-50M3 取樣2組 50M3 取樣3組 100M3~200M3取4組 | K97: =K95+D97 -> 1000 | L97: 合格 | M97: 監造：林國邦 | N97: 265K-J-a-C280-022 昌煇-2410349-7天 昌煇-2410348-28天
B98: 280kgf/cm2混凝土 | C98: =C97 -> 113/09/30 | F98: 1 | G98: 組 | H98: 3 | I98: 顆 | K98: =F98+K96 -> 46 | M98: 威勝：許貴森
A99: 1-1 | B99: 壹.甲.(B.5、B.12、D.1、E.1、H.1、A.9(280代替方案)) | C99: 113/10/1 | D99: 5.5 | E99: M3 | F99: =C100 -> 113/10/1 | J99: 20M3以下 取1組 20M3-50M3 取樣2組 50M3 取樣3組 100M3~200M3取4組 | K99: =K97+D99 -> 1005.5 | L99: 合格 | M99: 監造：林國邦 | N99: 265K-J-a-C280-023 竣葦-2414461-7天 竣葦-2414462-28天
B100: 280kgf/cm2混凝土 | C100: =C99 -> 113/10/1 | F100: 1 | G100: 組 | H100: 3 | I100: 顆 | K100: =F100+K98 -> 47 | M100: 威勝：許貴森
...

Sheet 材料設備送審及進場時程管制總表
A1: 國道1號265k+286排水箱涵改建工程 材料設備送審管制總表
A2: 項次 | B2: 契約詳細表項次 | C2: 契約數量 | E2: 是否 取樣試驗 | F2: 預訂送審日期 | G2: 是否驗廠 | H2: 送審資料(P) | M2: 審查日期 | N2: 備註 (歸檔編號) (報告編號)
H3: 協力廠商資料 | I3: 型錄 | J3: 相關試驗報告 | K3: 樣品 | L3: 其他
B4: 材料(設備)名稱 | F4: 實際送審日期 | G4: 驗廠日期 | M4: 審查結果
A6: 1 | B6: 壹.甲.(B.5、B.12、D.1、E.1、H.1) | C6: 2702 | D6: M3 | E6: 是 | F6: 112/03/20 | G6: 是 | H6: P | J6: P | L6: 配比 資料 | M6: 112/03/30 | N6: 265K-U-a-材料/設備 112年3月24日聯嘉字第1120324003號函廠商核定 112年3月30日南新字第1120010760號函廠商核定 112.04.12驗廠取樣。 112.04.18試拌(175、245、280、280早強、315W、420) 112.04.21廠拌(175、245、280、280早強、315W、420) 112.05.18試拌(420) 112.08.11廠拌(420) 112年12月6日聯嘉字第1121206006號函廠商核定 112年12月21日南新字第1125162149號函廠商核定 113.01.03試拌(新配比420) 113.01.19廠拌(新配比420) 113年6月3日聯嘉字第1130603001號函廠商核定(420無收縮混凝土) 1136月11日南新字第1135160955號函廠商核定(420無收縮混凝土)
B7: 280kgf/cm2混凝土 | F7: 112/03/20 | G7: 112/04/12
B8: 壹.甲.(A.13、A.14、B.6、E.1) | C8: 179 | D8: M3 | E8: 否 | F8: 112/03/20 | G8: 是 | H8: P | J8: P
B9: 80kgf/cm2混凝土 | F9: 112/03/20 | G9: 112/04/12
B10: 壹.甲.(A.10、A.13、A14、D.2、F.2、F.6、K.5) | C10: 1325 | D10: M3 | E10: 是 | F10: 112/03/20 | G10: 是 | H10: P | J10: P
B11: 245kgf/cm2混凝土 | F11: 112/03/20 | G11: 112/04/12
B12: 壹.甲.(C.1、C.2) | C12: 1404 | D12: M3 | E12: 是 | F12: 112/03/20 | G12: 是 | H12: P | J12: P
B13: 結構用混凝土，(機拌，水中)，315kgf/cm2 | F13: 112/03/20 | G13: 112/04/12
B14: 壹.甲.B.1 | C14: 1064 | D14: M3 | E14: 是 | F14: 112/03/20 | G14: 是 | H14: P | J14: P | M14: 同意核定
B15: 場鑄預力混凝土，420 kgf/cm2 | F15: 112/03/20 | G15: 112/04/12
B16: 壹.甲.(B.2、B.4) | C16: 52 | D16: M3 | E16: 是 | F16: 113/05/31 | G16: 否 | H16: P | J16: P
B17: 場鑄早強無收縮混凝土，420 kgf/cm2 | F17: 113/05/30 | G17: 否
B18: 壹.甲.B.3 | C18: 12 | D18: M3 | E18: 是 | F18: 112/03/20 | G18: 是 | H18: P | J18: P
B19: 早強混凝土280kgf/cm2 | F19: 112/03/20 | G19: 112/04/12
B20: 壹.甲.(G.2、G.3) | C20: 261 | D20: M3 | E20: 是 | F20: 112/03/20 | G20: 是 | H20: P | J20: P
B21: 175kgf/cm2混凝土 | F21: 112/03/20 | G21: 112/04/12
A22: 2 | B22: 壹.甲.(A.13、B.7、B12、B13、C.1、C.2、D.9、D10、E.1、H.1) | C22: 681 | D22: T | E22: 否 | F22: 112/03/25 | G22: 是 | H22: P | I22: P | J22: P | M22: 112/04/12 | N22: 265K-U-a-材料/設備 112年3月28日聯嘉字第1120328001號函廠商核定(志一) 112年4月12日南新字第1125160558號函廠商核定(志一) 112.04.14驗廠(志一) 112年12月27日聯嘉字第1121227001號函廠商核定(易利隆) 113年1月3日南新字第1135160001號函廠商核定(易利隆) 113年1月4日聯嘉字第1130104005號函廠商核定(東和) 113年2月16日南新字第1135160252號函廠商核定(東和) 113年1月4日聯嘉字第1130104005號函廠商核定(海光) 113年2月16日南新字第1135160252號函廠商核定(海光) 113年1月4日聯嘉字第1130104005號函廠商核定(漢泰) 113年2月16日南新字第1135160252號函廠商核定(漢泰)
B23: 鋼筋，SD420W | F23: 112/03/25 | G23: 112/04/14
A24: 2 | B24: 壹.甲.(A14、F6、G.2、G.3) | C24: 91 | D24: T | E24: 否 | F24: 112/03/25 | G24: 是 | H24: P | I24: P | J24: P | M24: 同意核定
B25: 鋼筋，SD280 | F25: 112/03/25 | G25: 112/04/14
A26: 2 | B26: 壹.甲.B.16 | C26: 80 | D26: 個 | E26: 是 | F26: 112/11/10 | G26: 否 | H26: P | I26: P | J26: P | M26: 112/11/23 | N26: 265K-U-a-材料/設備 112年11月7日聯嘉字第1121107001號函廠商核定 112年11月23日南新字第1125161934號函廠商核定
B27: 鋼筋，鋼筋續接器，D25 | F27: 112/11/01 | G27: 113/1/23
B28: 壹.甲.B.17 | C28: 92 | D28: 個 | E28: 是 | F28: 112/11/10 | G28: 否 | H28: P | I28: P | J28: P
B29: 鋼筋，鋼筋續接器，D22 | F29: 112/11/01 | G29: 113/1/23
B30: 壹.甲.B.18 | C30: 132 | D30: 個 | E30: 是 | F30: 112/11/10 | G30: 否 | H30: P | I30: P | J30: P
B31: 鋼筋，鋼筋續接器，D19 | F31: 112/11/01 | G31: 113/1/23 | M31: 同意核定
B32: 壹.甲.B.19 | C32: 48 | D32: 個 | E32: 是 | F32: 112/11/10 | G32: 否 | H32: P | I32: P | J32: P
B33: 鋼筋，鋼筋續接器，D16m | F33: 112/11/01 | G33: 113/1/23
B34: 壹.甲.B.20 | C34: 1009 | D34: 個 | E34: 是 | F34: 112/11/10 | G34: 否 | H34: P | I34: P | J34: P
B35: 鋼筋，鋼筋續接器，D13m | F35: 112/11/01 | G35: 113/1/23
A36: 3 | B36: 壹.甲.A.6 | C36: 1602 | D36: T | E36: 是 | F36: 112/03/20 | G36: 是 | H36: P | I36: P | J36: P | L36: 配比 資料 | M36: 112/04/20 | N36: 265K-U-a-材料/設備 112年3月22日聯嘉字第1120322002號函廠商核定 112年3月25日南新字第1120010714號函廠商審核後再提送 112年3月28日聯嘉字第1120322002號函廠商核定 112年4月17日聯嘉字第1120417002號函廠商核定 112年4月20日南新字第1120016157號函廠商核定 112.04.24驗廠 112.05.08瀝青混凝土配合比試拌(含油量及篩分析) 開放級配(改質IV-F型)、開放級配(AC-20)、密級配(改質IV-F型)、粗級配(AC-20) 112.06.12瀝青混凝土材料取樣
B37: 開放級配瀝青混凝土(改質Ⅳ-F型) | F37: 112/03/16 | G37: 112/04/24
B38: 壹.甲.A.7 | C38: 639 | D38: T | E38: 是 | F38: 112/03/20 | G38: 是 | H38: P | I38: P | J38: P
B39: 密級配瀝青混凝土(改質Ⅳ-F型) | F39: 112/03/16 | G39: 112/04/24
B40: 壹.甲.A.8 | C40: 899 | D40: T | E40: 是 | F40: 112/03/20 | G40: 是 | H40: P | I40: P | J40: P
B41: 瀝青處理底層 | F41: 112/03/16 | G41: 112/04/24 | M41: 同意核定
B42: 壹.甲.A.11 | C42: 43656 | D42: M2 | E42: 是 | F42: 112/03/20 | G42: 是 | H42: P | I42: P | J42: P
B43: 瀝青黏層 | F43: 112/03/16 | G43: 112/04/24
B44: 壹.甲.A.11 | C44: 2550 | D44: M2 | E44: 是 | F44: 112/03/20 | G44: 是 | H44: P | I44: P | J44: P
B45: 瀝青透層 | F45: 112/03/16 | G45: 112/04/24
B46: 壹.甲.J.33 | C46: 3786 | D46: T | E46: 是 | F46: 112/03/20 | G46: 是 | H46: P | I46: P | J46: P
B47: 開放級配瀝青混凝土 | F47: 112/03/16 | G47: 112/04/24
A48: 4 | B48: 壹.甲.B.14 | C48: 75 | D48: M | E48: 是 | F48: 113/01/15 | G48: 是 | H48: P | I48: P | J48: P | M48: 113/02/16 | N48: 265K-U-a-材料/設備 113年1月8日聯嘉字第1130108003號函廠商核定 113年2月16日南新字第1135160255號函廠商核定
B49: 橋面排水，橋面伸縮縫，C型 | F49: 113/01/05 | G49: 113/03/14 | M49: 同意核定
A50: 5 | B50: 壹.甲.A.10 | C50: 23 | D50: M | E50: 是 | F50: 113/01/20 | G50: 否 | H50: P | I50: P | J50: P | M50: 113/02/15 | N50: 265K-U-a-材料/設備 113年1月18日聯嘉字第1130118001號函廠商核定 113年2月15日南新字第1135160256號函廠商核定
B51: 止水帶，聚氯乙烯，A型，150x9mm | F51: 113/01/17
B52: 壹.甲.B.5 | C52: 79 | D52: M | E52: 是 | F52: 113/01/20 | G52: 否 | H52: P | I52: P | J52: P | M52: 同意核定
B53: 止水帶，聚氯乙烯，B型，230x7.5mm | F53: 113/01/17
A54: 6 | B54: 壹.甲.A.4 | C54: 108 | D54: M3 | E54: 是 | F54: 112/07/03 | G54: 否 | H54: P | J54: P | L54: 級配 土方 來源 證明 | M54: 112/07/10 | N54: 265K-U-a-材料/設備 112年7月6日聯嘉字第1120706001號函廠商核定 112年7月10日南新字第1120029650號函廠商核定
B55: 基地及路堤填築 | F55: 112/07/03
B56: 壹.甲.(A.9、G.2、G.3、K.6) | C56: 736 | D56: M3 | E56: 是 | F56: 112/07/03 | G56: 否 | H56: P | J56: P
B57: 級配粒料底層 | F57: 112/07/03 | M57: 同意核定
B58: 壹.甲.(B.11、D.8) | C58: 749 | D58: M3 | E58: 是 | F58: 112/07/03 | G58: 否 | H58: P | J58: P
B59: 構造物回填 | F59: 112/07/03
A60: 7 | B60: 壹.甲.C.8 | C60: 59 | D60: T | E60: 是 | F60: 112/08/10 | G60: 否 | H60: P | I60: P | J60: P | M60: 112/08/28 | N60: 265K-U-a-材料/設備 112年8月14日聯嘉字第1120814003號函廠商核定 112年8月28日南新字第1125161395號函廠商核定
B61: 預力鋼腱及鋼線 | F61: 112/08/10
B62: 壹.甲.C.8 | C62: 13152 | D62: M | E62: 是 | F62: 112/08/10 | G62: 否 | H62: P | I62: P | J62: P
B63: 預力地錨，錨錠段浪型管 | F63: 112/08/10 | M63: 同意核定
B64: 壹.甲.C.8 | C64: 4224 | D64: M | E64: 是 | F64: 112/08/10 | G64: 否 | H64: P | I64: P | J64: P
B65: 自由段護管PE平面套管 | F65: 112/08/10
A66: 8 | B66: 壹.甲.B.15 | C66: 12 | D66: 個 | E66: 是 | F66: 113/01/31 | G66: 否 | H66: P | I66: P | J66: P | M66: 113/02/16 | N66: 265K-U-a-材料/設備 113年1月23日聯嘉字第1130123002號函廠商核定 113年2月16日南新字第1135160258號函廠商核定
B67: 橋面洩水孔 | F67: 113/01/23 | G67: 113/03/14 | M67: 同意核定
A68: 9 | B68: 壹.甲.H.1 | C68: 46 | D68: M | E68: 是 | F68: 113/11/01 | G68: 否 | H68: P | I68: P | J68: P | M68: 113/10/9 | N68: 265K-U-a-材料/設備 113年9月13日聯嘉字第1130918001號函廠商核定 113年10月9日南新字第1135161639號函廠商核定
B69: 隔音牆，金屬隔音板，高3.0m | F69: 113/09/11 | M69: 同意核定
A70: 10 | B70: 壹.甲.(E.6、J.31) | C70: 3848 | D70: M2 | E70: 是 | F70: 112/05/09 | G70: 否 | H70: P | I70: P | J70: P | M70: 112/05/19 | N70: 265K-U-a-材料/設備 112年5月16日聯嘉字第1120516001號函廠商核定 112年5月19日南新字第1120021180號函廠商核定
B71: 標線，熱處理聚酯 | F71: 112/05/09
B72: 壹.甲.E.7 | C72: 1023 | D72: 個 | E72: 是 | F72: 112/05/09 | G72: 否 | H72: P | I72: P | J72: P | M72: 同意核定
B73: 標記，路面用，反光片型 | F73: 112/05/09
A74: 11 | B74: 壹.甲.J.20 | C74: 710 | D74: 座 | E74: 是 | F74: 112/09/10 | G74: 否 | H74: P | I74: P | J74: P | M74: 112/09/14 | N74: 265K-U-a-材料/設備 112年9月8日聯嘉字第1120908002號函廠商核定 112年9月14日南新字第1120040902號函廠商核定
B75: 防眩板 | F75: 112/09/07 | M75: 同意核定
A76: 12 | B76: 壹.甲.G.4 | C76: 41 | D76: M | E76: 是 | F76: 113/03/15 | G76: 否 | H76: P | I76: P | J76: P | M76: 113/05/30 | N76: 265K-U-a-材料/設備 113年4月23日聯嘉字第1130423002號函廠商核定 113年5月30日南新字第1135160900號函廠商核定
B77: 高密度聚乙烯管，標稱管徑78±3mm | F77: 113/03/01(初版) 113/03/18(修正一版) 113/04/17(修正二版) | G77: 113/04/25 | M77: 同意核定
B78: 壹.甲. G.5 | C78: 773 | D78: M | E78: 是 | F78: 113/03/15 | G78: 否 | H78: P | I78: P | J78: P | M78: 113/05/30 | N78: 265K-U-a-材料/設備 113年4月23日聯嘉字第1130423002號函廠商核定 113年5月30日南新字第1135160900號函廠商核定
B79: 高密度聚乙烯管，標稱管徑52±2mm | F79: 113/03/01(初版) 113/03/18(修正一版) 113/04/17(修正二版) | G79: 113/04/25 | M79: 同意核定
B80: 壹.甲. G.6 | C80: 40 | D80: 組 | E80: 是 | F80: 113/03/15 | G80: 否 | H80: P | I80: P | J80: P | M80: 113/05/30 | N80: 265K-U-a-材料/設備 113年4月23日聯嘉字第1130423002號函廠商核定 113年5月30日南新字第1135160900號函廠商核定
B81: 橋梁附掛管路座(10管) | F81: 113/03/01(初版) 113/03/18(修正一版) 113/04/17(修正二版) | M81: 同意核定
B82: 壹.甲.G.7 | C82: 568 | D82: M | E82: 是 | F82: 113/03/15 | G82: 否 | H82: P | I82: P | J82: P | M82: 113/05/30 | N82: 265K-U-a-材料/設備 113年4月23日聯嘉字第1130423002號函廠商核定 113年5月30日南新字第1135160900號函廠商核定
B83: 導線管，硬質聚氯乙烯塑膠管，E管，(標稱78±2mm，厚5.1mm) | F83: 113/03/01(初版) 113/03/18(修正一版) 113/04/17(修正二版) | G83: 113/04/25 | M83: 同意核定
B84: 壹.甲.G.8 | C84: 10501 | D84: M | E84: 是 | F84: 113/03/15 | G84: 否 | H84: P | I84: P | J84: P | M84: 113/05/30 | N84: 265K-U-a-材料/設備 113年4月23日聯嘉字第1130423002號函廠商核定 113年5月30日南新字第1135160900號函廠商核定
B85: 導線管，硬質聚氯乙烯塑膠管，E管，標稱52mm，厚3.6mm | F85: 113/03/01(初版) 113/03/18(修正一版) 113/04/17(修正二版) | G85: 113/04/25 | M85: 同意核定
B86: 壹.甲.G.9 | C86: 300 | D86: M | E86: 是 | F86: 113/03/15 | G86: 否 | H86: P | I86: P | J86: P | M86: 113/05/30 | N86: 265K-U-a-材料/設備 113年4月23日聯嘉字第1130423002號函廠商核定 113年5月30日南新字第1135160900號函廠商核定
B87: SM-84芯單模光纜 | F87: 113/03/01(初版) 113/03/18(修正一版) 113/04/17(修正二版) | M87: 同意核定
B88: 壹.甲.G.10 | C88: 324 | D88: M | E88: 是 | F88: 113/03/15 | G88: 否 | H88: P | I88: P | J88: P | M88: 113/05/30 | N88: 265K-U-a-材料/設備 113年4月23日聯嘉字第1130423002號函廠商核定 113年5月30日南新字第1135160900號函廠商核定
B89: SM-72芯單模光纜 | F89: 113/03/01(初版) 113/03/18(修正一版) 113/04/17(修正二版) | M89: 同意核定
B90: 壹.甲.G.11 | C90: 596 | D90: M | E90: 是 | F90: 113/03/15 | G90: 否 | H90: P | I90: P | J90: P | M90: 113/05/30 | N90: 265K-U-a-材料/設備 113年4月23日聯嘉字第1130423002號函廠商核定 113年5月30日南新字第1135160900號函廠商核定
B91: SM-48芯單模光纜 | F91: 113/03/01(初版) 113/03/18(修正一版) 113/04/17(修正二版) | M91: 同意核定
B92: 壹.甲.G.12 | C92: 552 | D92: M | E92: 是 | F92: 113/03/15 | G92: 否 | H92: P | I92: P | J92: P | M92: 113/05/30 | N92: 265K-U-a-材料/設備 113年4月23日聯嘉字第1130423002號函廠商核定 113年5月30日南新字第1135160900號函廠商核定
B93: 電線及電纜，600V交連聚乙烯絕緣聚氯乙烯被覆電力電纜(XLPE)，2/C，60mm2 | F93: 113/03/01(初版) 113/03/18(修正一版) 113/04/17(修正二版) | M93: 同意核定
A94: 13 | B94: 壹.甲.B.4 | C94: 36 | D94: T | E94: 是 | F94: 112/11/30 | G94: 否 | H94: P | I94: P | J94: P | M94: 113/02/16 | N94: 265K-U-a-材料/設備 112年12月6日聯嘉字第1121206003號函廠商核定(阿爾格) 112年12月15日南新字第1125162028號函廠商核定(阿爾格) 113年2月6日聯嘉字第1130206002號函廠商送審中(奇研) 113年02月16日南新字第1135160254號函廠商核定(奇研) 113年1月22日聯嘉字第1130122001號函廠商送審中(季陽)
B95: 預力鋼腱 | F95: 112/11/29 | G95: 113/02/27
B96: 壹.甲.B.1 | C96: 624 | D96: M | E96: 是 | F96: 112/11/30 | G96: 否 | H96: P | I96: P | J96: P
B97: 套管，鍍鋅金屬製，D=110cm | F97: 112/11/29 | G97: 113/02/22 | M97: 同意核定
B98: 壹.甲.B.4 | C98: 216 | D98: 組 | E98: 是 | F98: 112/11/30 | G98: 否 | H98: P | I98: P | J98: P
B99: 端錨 | F99: 112/11/29 | G99: 113/02/29
A100: 14 | B100: 壹.甲.I.2 | C100: 399 | D100: 株 | E100: 否 | F100: 114/02/15 | G100: 否 | H100: P | L100: 驗苗 | M100: 114/02/10 | N100: 265K-U-a-材料/設備 114年1月2日聯嘉字第1140102002號函廠商核定 114年2月10日南新字第1145160177號函廠商核定
B101: 小葉榕 H*W≧150*80(cm) | F101: 113/12/27 | M101: 同意核定
...

Sheet 三個月材料檢試驗管控表20240801~0831
A1: 國道1號265k+286排水箱涵改建工程
A2: 三個月材料檢試驗管控表
A4: 項次 | B4: 契約項次 | C4: 材料(設備)名稱 | D4: 契約數量 | E4: 預定 進場數量 | F4: 預定 取樣日期 | G4: 實際 取樣日期 | H4: 備註 | J4: 備註(2)
B5: 壹、甲、B 橋梁暨結構工程 B1~B3、B5~B6 | C5: 結構用混凝土 | D5: 1式 | E5: 1式 | F5: 112/03/27 | G5: 112/04/21 | H5: 112年 第一季取樣 | J5: 已完成(報告以歸檔)
B6: 壹、甲、B 橋梁暨結構工程 B1~B3、B5~B6 | C6: 結構用混凝土 | D6: 1式 | E6: 1式 | F6: 112/10/02 | G6: 112/10/04 | H6: 112年 第二季取樣 | J6: 已完成(報告以歸檔)
A7: 1 | B7: 壹、甲、B 橋梁暨結構工程 B1~B3、B5~B6 | C7: 結構用混凝土 | D7: 1式 | E7: 1式 | F7: 113/03/28 | G7: 113/03/28 | H7: 113年 半年度第一次取樣--SGS(試驗中)
A8: 2 | B8: 壹、甲、A 路工工程 A.10 | C8: 245kgf/cm2混凝土 | D8: 64 M3 | E8: 42 M3 | F8: 113/04/30 | G8: 113/04/30 | H8: 三個月合計方數:42m3 三個月合計: 2組試體 | J8: 1.1120505-工程告示牌基礎18.5立方 2.1120513~1120701-預鑄單面RC護欄總方數707立方 3.1120706-北上側施工便道56立方 4.1120928-北上側洗車台基礎及牆身19.5立方 5.1121115-南下側洗車台基礎及牆身18.5立方 6.1121123-北上側施工便道32立方 7.1121125-北上側及南下側施工便道32立方 8.1130430-路工工程A10，契約數量64立方(長度57公尺)，變更設計後的護欄長度為95公尺，變更後的數量須從新計算
A9: 3 | B9: 壹、甲、B 橋梁暨結構工程 B.5 | C9: 280kgf/cm2混凝土 | D9: 820 M3 | E9: 146.5 M3 | F9: 113/02/20 113/04/10 | G9: 113/04/10 | H9: 三個月合計方數:146.5m3 三個月合計: 9組試體 | J9: 累計日期:112/09/26~113/04/10 總累計方數:607m3 總累計試體組數:25組
A10: 4 | B10: 壹、甲、B 橋梁暨結構工程 B.1 | C10: 420kgf/cm2混凝土 | D10: 1064 M3 | E10: 342 M3 | F10: 113/04/18 | G10: 113/04/18 | H10: 試體製作累積組數:7組
B11: 壹.甲.A.路工工程 壹.甲.A.6 壹.甲.A.7 | C11: 瀝青混凝土 | D11: 1式 | E11: 1式 | F11: 112/06/12 | G11: 112/06/12 | H11: 試驗已完成(歸檔)
B12: 壹.甲.C.大地工程 壹.甲.C.1 橋下限高h≦10m | C12: 鋼筋，SD420W | D12: 170.62 T | E12: 88.53 T | F12: 112/11/20 112/12/29 | G12: 112/11/20 112/12/29 | H12: 試驗已完成(歸檔) | J12: 全套管鑽掘樁
B13: 壹.甲.C.大地工程 壹.甲.C.2 | C13: 鋼筋，SD420W | D13: 66.64 T | E13: 23.57 T | F13: 112/11/20 112/12/29 | G13: 112/11/20 112/12/29 | H13: 試驗已完成(歸檔) | J13: 全套管鑽掘樁
A14: 5 | B14: 壹、甲、B 橋梁暨結構工程 B.7 | C14: 鋼筋，SD420W | D14: 213 T | E14: 28.17 | F14: 113/03/15 | G14: 113/03/15 | H14: 累計: 104.87 T | J14: 113/01/10-A1與A2橋台(35.38T)，113/02/16-橋面板(41.32T)，113/03/15-中空梁版(28.17T)；合計104.87T
B15: 壹、甲、D 排水工程 D.4 | C15: 鋼筋，SD420W | D15: 156 T | E15: 28.17 | F15: - | G15: - | H15: 尚未使用
A16: 6 | B16: 壹、甲、A 路工工程 A.13 A.14 | C16: 鋼筋，SD420W | D16: - | E16: 33.01 T | F16: 113/04/17 | G16: 113/04/17 | H16: 擋土牆拓寬段變更設計中 竣葦實驗室 (試驗中) | J16: 加深型混凝土護欄(95m)、擋土牆拓寬段(50m)、擋土牆懸伸段(51m)，目前擋土牆拓寬段尚在變更當中無法計算出該段的鋼筋用量
B17: 壹.甲.C.大地工程 壹.甲.C.1、 壹.甲.C.2 | C17: 結構用混凝土，(機拌，水中)，315kgf/cm2， | D17: 1404 M3 | E17: 540 M3 | F17: 112/12/01 | G17: 112/12/09~113/1/12 | H17: 合計:603m3 共計:40組試體 試驗已完成 (歸檔)
B18: 壹.甲.C.大地工程 壹.甲.C.1 | C18: 鋼筋鋼套環 | D18: - | E18: 200顆 | F18: 112/08/31 | G18: 112/08/25 | H18: 試驗已完成(歸檔)
B19: 壹.甲.C.大地工程 壹.甲.C.8 | C19: 預力鋼腱地錨 | D19: 1056m | E19: 1056m | F19: 112/09/30 | G19: 112/09/21 112/09/25 | H19: 試驗已完成(歸檔)
B20: 壹.甲.E.交通工程 壹.甲.E.8 | C20: 防眩板 | D20: 710座 | E20: 840座 | F20: 112/09/15 | G20: 112/09/15 | H20: 試驗已完成(歸檔)
B21: 壹、甲、C 大地工程C.1(全套管鑽掘樁-限高) | C21: 鋼筋，SD420W | D21: 170.62 T | E21: 88.53 T | F21: 112/11/20 | G21: 112/11/20 | H21: 限高1支基樁鋼筋用量4.49T | J21: 目前已進貨20支限高基樁鋼筋用量，合約總數量:38支
B22: 壹、甲、C 大地工程 C.2 | C22: 鋼筋，SD420W | D22: 66.64 T | E22: 23.57 T | F22: 112/12/29 | G22: 112/12/29 | H22: 非限高1支基樁鋼筋用量4.76T | J22: 目前已進貨6支限高基樁鋼筋用量，合約總數量:14支
B23: 壹、甲、B 橋梁暨結構工程 B.20 | C23: 鋼筋，續接器(D13) | D23: 1009個 | E23: 80個 | F23: 113/01/15 | G23: 113/01/23 | H23: 華光(台南) 試驗合格 報告已歸檔 | J23: <1>D13鋼筋續接器-契約數量1009個，實際進貨數量1500個。 <2>D16鋼筋續接器-契約數量48個，實際進貨數量476個。 <3>D19鋼筋續接器-契約數量132個，實際進貨數量132個。 <4>D22鋼筋續接器-契約數量92個，實際進貨數量92個。 <5>D25鋼筋續接器-契約數量80個，實際進貨數量96個。 ★因D13與D16及D25鋼筋續接器，施工圖設計單位計算錯誤(中空梁版)，故辦理數量變更追加。
B24: 壹、甲、B 橋梁暨結構工程 B.18 | C24: 鋼筋，續接器(D19) | D24: 132個 | E24: 132個 | F24: 113/01/15 | G24: 113/01/23 | H24: 華光(台南) 試驗合格 報告已歸檔
B25: 壹、甲、B 橋梁暨結構工程 B.17 | C25: 鋼筋，續接器(D22) | D25: 92個 | E25: 92個 | F25: 113/01/15 | G25: 113/01/23 | H25: 華光(台南) 試驗合格 報告已歸檔
A26: 7 | B26: 壹、甲、B 橋梁暨結構工程 B.20 | C26: 鋼筋，續接器(D13) | D26: 1009個 | E26: 1420個 | F26: 113/03/26 | G26: 113/03/26 | H26: 華光(台南) 試驗合格
A27: 8 | B27: 壹、甲、B 橋梁暨結構工程 B.18 | C27: 鋼筋，續接器(D16) | D27: 48個 | E27: 476個 | F27: 113/03/26 | G27: 113/03/26 | H27: 華光(台南) 試驗合格
A28: 9 | B28: 壹、甲、B 橋梁暨結構工程 B.17 | C28: 鋼筋，續接器(D25) | D28: 80個 | E28: 96個 | F28: 113/03/26 | G28: 113/03/26 | H28: 華光(台南) 試驗合格
B29: 壹、甲、B 橋梁暨結構工程 B.1 | C29: 合成橡膠防震墊，60*30*5.7cm | D29: 66塊 | E29: 66塊 | F29: 113/01/15 | G29: 113/01/15 | H29: 合格 | J29: 製程檢驗:產製期間取樣辦理一次，施工技術規範05823規定
B30: 壹、甲、B 橋梁暨結構工程 B.5 | C30: 合成橡膠支承墊，15*15*3.0cm | D30: 98塊 | E30: 98塊 | F30: 113/01/15 | G30: 113/01/15 | H30: 合格 | J30: 製程檢驗:產製期間取樣辦理一次，施工技術規範05823規定
A31: 10 | B31: 壹、甲、B 橋梁暨結構工程 B.14 | C31: 橋面排水，橋面伸縮縫，C型 | D31: 74.94M | E31: 23.44M | F31: 113/03/15 | G31: 113/03/14 | H31: 明研 母材取樣 試驗合格
A32: 11 | B32: 壹、甲、B 橋梁暨結構工程 B.14 | C32: 橋面排水，橋面伸縮縫，C型-A1橋台 | D32: 74.94M | E32: 11.72M | F32: 113/04/30 | G32: 113/04/25 | H32: 統証 磁力檢測(MT)
A33: 12 | B33: 壹、甲、B 橋梁暨結構工程 B.5 | C33: 進橋板用，D=22mm2鍍鋅鋼棒 | D33: 98組 | E33: 98組 | F33: 113/03/18 | G33: 113/03/18 | H33: SGS 合格
B34: 壹.甲.A.7 | C34: 密級配瀝青混凝土 (改質IV-F型) | D34: 639T | E34: 740T | F34: 112/10/31 112/11/01 | G34: 112/10/31 112/11/01 | H34: 試驗已完成 (歸檔)
B35: 壹.甲.J.33 | C35: 開放級配瀝青混凝土 | D35: 3786T | E35: 170T | F35: 112/10/31 112/11/02 | G35: 112/10/31 112/11/02 | H35: 試驗已完成 (歸檔)
B36: 壹.甲.C.大地工程 壹.甲.C.1、 壹.甲.C.2 | C36: 焊材 | D36: 1式 | E36: 1式 | F36: 112/12/12 | G36: 112/12/07 | H36: 試驗已完成 (歸檔)
B37: 壹.甲.C.1、C2 | C37: 基樁-PVC塑膠硬質管 | D37: 7176 | E37: 1000 | F37: 112/12/08 | G37: 112/12/08 | H37: 試驗已完成 (歸檔)
A38: 13 | B38: 壹、甲、A 路工工程 A.10 | C38: 聚氯乙烯，A型， 150x9mm | D38: 23 M | E38: 40 M | F38: 113/02/06 | G38: 113/02/16 | H38: SGS 合格
A39: 14 | B39: 壹、甲、B 橋梁暨結構工程 B.5 | C39: 聚氯乙烯，B型，230x7.5mm | D39: 79 M | E39: 80 M | F39: 113/02/06 | G39: 113/02/16 | H39: SGS 合格
A40: 15 | B40: 壹、甲、A 路工工程 A.10、A.13、A.14 壹、甲、B 橋梁暨結構工程 B.1、B.5、B.15 | C40: 填縫板(1cm、2cm、3cm) | D40: 1式 | E40: 1式 | F40: 113/02/06 | G40: 113/02/16 | H40: SGS 合格 | J40: 契約數量1cm:30.73m2，進貨數量:10m2 契約數量2cm:197.503m2，進貨數量:25m2 契約數量3cm:29.7m2，進貨數量:10m2
A41: 16 | B41: 壹、甲、A 路工工程 A.10、A.13、A.14 壹、甲、B 橋梁暨結構工程 B.1、B.5、B.15 | C41: 填縫劑 | D41: 152.55 L | E41: 1式 | F41: 113/02/06 | G41: 113/02/16 | H41: SGS 合格 | J41: A劑進貨10桶(每桶6kg) B劑進貨10桶(每桶12kg)
A42: 17 | B42: 壹、甲、B 橋梁暨結構工程 B.3、B.5 | C42: 環氧樹脂 | D42: 34.26 M2 | E42: 35 M2 | F42: 113/02/06 | G42: 113/02/16 | H42: SGS 合格 | J42: 結構修補砂漿20kg/包，進貨40包 環氧樹酯介面接著劑5kg/組，進貨5組(A+B劑)
A43: 18 | B43: 壹、甲、B 橋梁暨結構工程 B.1 | C43: 混凝土養護劑 | D43: 1式 | E43: 1式 | F43: 113/02/06 | G43: 113/02/16 | H43: SGS 合格 | J43: 該項目單價分析表內並沒有，進貨數量12桶(每桶5加侖)
A44: 19 | B44: 壹、甲、B 橋梁暨結構工程 B.1 | C44: 防水膜 | D44: 65 M2 | E44: 65 M2 | F44: 113/02/06 | G44: 113/02/16 | H44: SGS (合格)
A45: 20 | B45: 壹、甲、B 橋梁暨結構工程 B.4 | C45: 預力鋼腱 | D45: 36 T | E45: 36 T | F45: 113/02/15 | G45: 113/02/27 | H45: 華光(楊梅) 合格
A46: 21 | B46: 壹、甲、B 橋梁暨結構工程 B.4 | C46: 預力混凝土套管 | D46: 3456 M | E46: 3456 M | F46: 113/02/15 | G46: 113/02/27 | H46: SGS 合格
A47: 22 | B47: 壹、甲、B 橋梁暨結構工程 B.4 | C47: 端錨 | D47: 216 組 | E47: 216 組 | F47: 113/02/15 | G47: 113/02/29 | H47: 華光(楊梅) 合格
A48: 23 | B48: 壹、甲、B 橋梁暨結構工程 B.1 | C48: 套管，鍍鋅金屬製，D=110cm | D48: 624 M | E48: 624 M | F48: 113/02/15 | G48: 113/02/23 | H48: SGS (合格)
A49: 24 | B49: 壹、甲、B 橋梁暨結構工程 B.1 | C49: 合成橡膠防震墊，60*30*5.7cm | D49: 66塊 | E49: 66塊 | F49: 113/03/06 | G49: 113/03/06 | H49: 明研 (試驗中) 進場取樣 | J49: 一級送驗明研(3/6取樣)，二級送驗SGS(3/5取樣)
A50: 25 | B50: 壹、甲、B 橋梁暨結構工程 B.1 | C50: 合成橡膠支承墊，15*15*3.0cm | D50: 98塊 | E50: 102塊 | F50: 113/03/06 | G50: 113/03/06 | H50: 明研 (試驗中) 進場取樣 | J50: 一級送驗明研(3/6取樣)，二級送驗SGS(3/5取樣)
A51: 26 | B51: 壹、甲、B 橋梁暨結構工程 B.5 | C51: 6cm∮，t=2mm鍍鋅鋼管 | D51: - | E51: 132支 | F51: 113/03/18 | G51: 113/03/18 | H51: SGS 合格
A52: 27 | B52: 壹、甲、B 橋梁暨結構工程 B.15 | C52: 橋面洩水孔 | D52: 12個 | E52: 6個 | F52: 113/08/31 | G52: 113/03/14 | H52: 明研 (母才取樣) 合格
A53: 28 | B53: 壹、甲、B 橋梁暨結構工程 B.12 | C53: 金屬橋欄杆 | D53: 75M | E53: 34.1M | F53: 113/04/12 | G53: 113/03/14 | H53: 明研 (母才取樣) 合格
A54: 29 | B54: 壹、甲、D 排水工程D.9及 壹、甲、H 隔音牆工程 | C54: 化學黏著錨筋施工前拉拔試驗，D13、D16、D25 | D54: 3組 | E54: 3組 (每組各3支) | F54: 113/03/15 | G54: 113/03/15 | H54: 國立實驗室 合格 | J54: 化學黏著錨筋施工前拉拔試驗，D19、D22於113/03/20自行辦理檢測(國立實驗室)，2組。
A55: 30 | B55: 壹、甲、G 交控管線遷移工程 G.7 | C55: 導線管，硬質聚氯乙烯塑膠管，E管，(標稱78±2mm，厚5.1mm) | D55: 568M | E55: - | F55: 113/04/25 | G55: 113/04/25 | H55: SGS (試驗中)
A56: 31 | B56: 壹、甲、G 交控管線遷移工程 G.8 | C56: 導線管，硬質聚氯乙烯塑膠管，E管，標稱52mm，厚3.6mm | D56: 10501M | E56: - | F56: 113/04/25 | G56: 113/04/25 | H56: SGS (試驗中)
A57: 32 | B57: 壹、甲、F 公路照明工程 F.3及F5 | C57: 道路照明-燈柱 燈柱基座-∮25螺栓 | D57: 21支 | E57: 7支 | F57: 113/04/25 | G57: 113/04/25 | H57: SGS (試驗中)

Sheet 1140117(材料送審核定情形一覽表)
A1: 國道1號265k+286排水箱涵改建工程 材料設備送審管制總表
A2: 審查項次 | C2: 預計提送 | E2: 已提送 | G2: 已核定
A3: 材料送審資料 | C3: 34 | E3: 34 | G3: 31
A4: 備註 (交通部高速公路局南區養護分局尚未核定) | C4: 34 | E4: 34 | G4: 壹.甲.I.2：小葉榕 H*W≧150*80(cm) 壹.甲.B.21：維修道欄杆(橋台) 壹.甲.B.5：不銹鋼踏步，D=19mm ★上述三項材料送審資料為主辦機關尚未核定，監造單位已核定

Sheet 混凝土 80KGF CM3 贊洲
A1: 國道高速公路後續路段橋梁耐震補強工程(區段2-1)第M38A2標-烏山頭新化段 材料設備檢(試)驗管制總表 製表資料日期:110/02/18止
A2: 項次 | B2: 契約詳細表項次 | C2: 契約數量 | E2: 預定進場日期 | F2: 進場數量 | H2: 抽樣日期 | I2: 規定抽(取)樣頻率 | J2: 累積進場數量 | L2: 抽試驗結果 | M2: 抽驗及會同人員 | N2: 備註
B3: 材料(設備)名稱 | E3: 實際進場日期 | H3: 抽樣數量 | J3: 累積抽樣數量 | N3: (歸檔編號)
A4: 1 | B4: 壹、一、1 結構工程 9、3 排水復舊及臨時導排水工程 9 | C4: =1412+116 -> 1528 | D4: M3 | E4: 109/08/28 | F4: 一式 | H4: 109/08/28 | I4: V=每批數量(M3) V≦50 取樣2(組) 50≦V<100 取樣3組 100≦V<200 取樣4(組) V>200 INT(V/100)+取樣3(組)。 | J4: 一式 | L4: 合格 | M4: 監造單位:李秉融 | N4: 贊洲:109.07.28棪嘉南(A2)監字第10907060號函廠商核定。 109.07.24 驗廠取樣。 109.08.14 315W廠拌。 109.08.28 80、245、280、350SCC廠拌)。 M38A2-J-a-C1-006。 | O4: 1100224
B5: 結構用混凝土，80kgf/cm2 | E5: 109/08/28 | H5: 一式 | J5: 一式 | M5: 施工廠商:柯志龍
A6: 1-1 | B6: 壹、一、1 結構工程 9、3 排水復舊及臨時導排水工程 9 | C6: =1412+116 -> 1528 | D6: M3 | E6: 110/03/31 | F6: 24 | G6: M3 | H6: 110/01/09 | I6: V=每批數量(M3) V≦50 取樣2(組) 50≦V<100 取樣3組 100≦V<200 取樣4(組) V>200 INT(V/100)+取樣3(組)。 | J6: 24 | K6: M3 | L6: 合格 | M6: 監造單位:李之杰 | N6: M38A2-J-a-C4A-107 渡子頭二號橋P2L及P3L基礎PC
B7: 結構用混凝土，80kgf/cm2 | E7: 110/01/09 | H7: 2組 | J7: 2 | K7: 組 | M7: 施工廠商:林士興
A8: 1-2 | B8: 壹、一、1 結構工程 9、3 排水復舊及臨時導排水工程 9 | C8: =1412+116 -> 1528 | D8: M3 | E8: 110/01/15 | F8: 22 | G8: M3 | H8: 110/01/15 | I8: V=每批數量(M3) V≦50 取樣2(組) 50≦V<100 取樣3組 100≦V<200 取樣4(組) V>200 INT(V/100)+取樣3(組)。 | J8: 46 | K8: M3 | L8: 合格 | M8: 監造單位:吳英傑 | N8: M38A2-J-a-C4A-110 渡子頭二號橋P1L及P2R基礎PC
B9: 結構用混凝土，80kgf/cm2 | E9: 110/01/15 | H9: 2組 | J9: 4 | K9: 組 | M9: 施工廠商:石錦茹
A10: 1-3 | B10: 壹、一、1 結構工程 9、3 排水復舊及臨時導排水工程 9 | C10: =1412+116 -> 1528 | D10: M3 | E10: 110/03/02 | F10: 10 | G10: M3 | H10: 110/03/02 | I10: V=每批數量(M3) V≦50 取樣2(組) 50≦V<100 取樣3組 100≦V<200 取樣4(組) V>200 INT(V/100)+取樣3(組)。 | J10: 56 | K10: M3 | L10: 合格 | M10: 監造單位:李秉融 | N10: M38A2-J-a-C4A-166 渡子頭二號橋P3、P4R側基礎PC
B11: 結構用混凝土，80kgf/cm2 | E11: 110/03/02 | J11: 4 | K11: 組 | M11: 施工廠商:劉琮誠
A12: 1-4 | B12: 壹、一、1 結構工程 9、3 排水復舊及臨時導排水工程 9 | C12: =1412+116 -> 1528 | D12: M3 | E12: 110/03/09 | F12: 18.5 | G12: M3 | H12: 110/03/09 | I12: V=每批數量(M3) V≦50 取樣2(組) 50≦V<100 取樣3組 100≦V<200 取樣4(組) V>200 INT(V/100)+取樣3(組)。 | J12: 74.5 | K12: M3 | M12: 監造單位:李秉融 | N12: M38A2-J-a-C4A-175 渡子頭二號橋P1R、P4R側基礎PC
B13: 結構用混凝土，80kgf/cm2 | E13: 110/03/09 | J13: 4 | K13: 組 | M13: 施工廠商:林士興
A14: 1-5 | B14: 壹、一、1 結構工程 9、3 排水復舊及臨時導排水工程 9 | C14: =1412+116 -> 1528 | D14: M3 | E14: 110/03/18 | F14: 39 | G14: M3 | H14: 110/03/18 | I14: V=每批數量(M3) V≦50 取樣2(組) 50≦V<100 取樣3組 100≦V<200 取樣4(組) V>200 INT(V/100)+取樣3(組)。 | J14: 113.5 | K14: M3 | M14: 監造單位:吳英傑 | N14: M38A2-J-a-C4A-192 官田溪河川橋P9L側PC基礎
B15: 結構用混凝土，80kgf/cm2 | E15: 110/03/18 | H15: 2 | J15: 6 | K15: 組 | M15: 施工廠商:林士興
A16: 1-6 | B16: 壹、一、1 結構工程 9、3 排水復舊及臨時導排水工程 9 | C16: =1412+116 -> 1528 | D16: M3 | E16: 110/04/02 | F16: 10 | G16: M3 | H16: 110/04/02 | I16: V=每批數量(M3) V≦50 取樣2(組) 50≦V<100 取樣3組 100≦V<200 取樣4(組) V>200 INT(V/100)+取樣3(組)。 | J16: 123.5 | K16: M3 | M16: 監造單位:馮榮泉 | N16: M38A2-J-a-C4A-205 渡子頭一號橋P2L基礎PC
B17: 結構用混凝土，80kgf/cm2 | E17: 110/04/02 | J17: 6 | K17: 組 | M17: 施工廠商:石錦茹
A18: 1-7 | B18: 壹、一、1 結構工程 9、3 排水復舊及臨時導排水工程 9 | C18: =1412+116 -> 1528 | D18: M3 | E18: 110/05/04 | F18: 21 | G18: M3 | H18: 110/05/04 | I18: V=每批數量(M3) V≦50 取樣2(組) 50≦V<100 取樣3組 100≦V<200 取樣4(組) V>200 INT(V/100)+取樣3(組)。 | J18: =J16+F18 -> 144.5 | K18: M3 | M18: 監造單位:林東新 | N18: M38A2-J-a-C4A-235 官田溪河川橋P12L側基礎PC
B19: 結構用混凝土，80kgf/cm2 | E19: 110/05/04 | H19: 2 | J19: =J17+H19 -> 8 | K19: 組 | M19: 施工廠商:劉琮誠
A20: 1-8 | B20: 壹、一、1 結構工程 9、3 排水復舊及臨時導排水工程 9 | C20: =1412+116 -> 1528 | D20: M3 | E20: 110/05/17 | F20: 4.5 | G20: M3 | H20: 110/05/17 | I20: V=每批數量(M3) V≦50 取樣2(組) 50≦V<100 取樣3組 100≦V<200 取樣4(組) V>200 INT(V/100)+取樣3(組)。 | J20: =J18+F20 -> 149 | K20: M3 | M20: 監造單位:吳英傑 | N20: M38A2-J-a-C4A-251 官田溪河川P14R基礎PC
B21: 結構用混凝土，80kgf/cm2 | E21: 110/05/17 | J21: =J19+H21 -> 8 | K21: 組 | M21: 施工廠商:周孝忠
A22: 1-9 | B22: 壹、一、1 結構工程 9、3 排水復舊及臨時導排水工程 9 | C22: =1412+116 -> 1528 | D22: M3 | E22: 110/07/19 | F22: 7 | G22: M3 | H22: =E22 -> 110/07/19 | I22: V=每批數量(M3) V≦50 取樣2(組) 50≦V<100 取樣3組 100≦V<200 取樣4(組) V>200 INT(V/100)+取樣3(組)。 | J22: =J20+F22 -> 156 | K22: M3 | M22: 監造單位:李之杰 | N22: M38A2-J-a-C4A-295 曾文溪河川橋P8L基礎PC
B23: 結構用混凝土，80kgf/cm2 | E23: =E22 -> 110/07/19 | J23: =J21+H23 -> 8 | K23: 組 | M23: 施工廠商:劉琮誠
A24: 1-10 | B24: 壹、一、1 結構工程 9、3 排水復舊及臨時導排水工程 9 | C24: =1412+116 -> 1528 | D24: M3 | E24: 110/08/27 | F24: 30 | G24: M3 | H24: =E24 -> 110/08/27 | I24: V=每批數量(M3) V≦50 取樣2(組) 50≦V<100 取樣3組 100≦V<200 取樣4(組) V>200 INT(V/100)+取樣3(組)。 | J24: =J22+F24 -> 186 | K24: M3 | M24: 監造單位:李之杰 | N24: M38A2-J-a-C4A-324 官田溪河川橋P9R側基礎補強PC
B25: 結構用混凝土，80kgf/cm2 | E25: =E24 -> 110/08/27 | H25: 2 | J25: =J23+H25 -> 10 | K25: 組 | M25: 施工廠商:劉琮誠
A26: 1-11 | B26: 壹、一、1 結構工程 9、3 排水復舊及臨時導排水工程 9 | C26: =1412+116 -> 1528 | D26: M3 | E26: 110/08/30 | F26: 8 | G26: M3 | H26: =E26 -> 110/08/30 | I26: V=每批數量(M3) V≦50 取樣2(組) 50≦V<100 取樣3組 100≦V<200 取樣4(組) V>200 INT(V/100)+取樣3(組)。 | J26: =J24+F26 -> 194 | K26: M3 | M26: 監造單位:吳英傑 | N26: M38A2-J-a-C4A-326 曾文溪河川橋P8R側基礎PC
B27: 結構用混凝土，80kgf/cm2 | E27: =E26 -> 110/08/30 | J27: =J25+H27 -> 10 | K27: 組 | M27: 施工廠商:石錦茹
A28: 1-12 | B28: 壹、一、1 結構工程 9、3 排水復舊及臨時導排水工程 9 | C28: =1412+116 -> 1528 | D28: M3 | E28: 110/09/06 | F28: 20 | G28: M3 | H28: =E28 -> 110/09/06 | I28: V=每批數量(M3) V≦50 取樣2(組) 50≦V<100 取樣3組 100≦V<200 取樣4(組) V>200 INT(V/100)+取樣3(組)。 | J28: =J26+F28 -> 214 | K28: M3 | M28: 監造單位:林東新 | N28: M38A2-J-a-C4A-331 官田溪河川橋P12R側基礎PC
B29: 結構用混凝土，80kgf/cm2 | E29: =E28 -> 110/09/06 | J29: =J27+H29 -> 10 | K29: 組 | M29: 施工廠商:劉琮誠
A30: 1-13 | B30: 壹、一、1 結構工程 9、3 排水復舊及臨時導排水工程 9 | C30: =1412+116 -> 1528 | D30: M3 | E30: 110/09/16 | F30: 31 | G30: M3 | H30: =E30 -> 110/09/16 | I30: V=每批數量(M3) V≦50 取樣2(組) 50≦V<100 取樣3組 100≦V<200 取樣4(組) V>200 INT(V/100)+取樣3(組)。 | J30: =J28+F30 -> 245 | K30: M3 | M30: 監造單位:吳英傑 | N30: M38A2-J-a-C4A-339 官田溪河川橋P16L側基礎PC
B31: 結構用混凝土，80kgf/cm2 | E31: =E30 -> 110/09/16 | H31: 2 | J31: =J29+H31 -> 12 | K31: 組 | M31: 施工廠商:石錦茹
A32: 1-14 | B32: 壹、一、1 結構工程 9、3 排水復舊及臨時導排水工程 9 | C32: =1412+116 -> 1528 | D32: M3 | E32: 110/10/04 | F32: 6 | G32: M3 | H32: =E32 -> 110/10/04 | I32: V=每批數量(M3) V≦50 取樣2(組) 50≦V<100 取樣3組 100≦V<200 取樣4(組) V>200 INT(V/100)+取樣3(組)。 | J32: =J30+F32 -> 251 | K32: M3 | M32: 監造單位:李之杰 | N32: M38A2-J-a-C4A-344 官田系統6號橋P3基礎PC
B33: 結構用混凝土，80kgf/cm2 | E33: =E32 -> 110/10/04 | J33: =J31+H33 -> 12 | K33: 組 | M33: 施工廠商:周孝忠
A34: 1-15 | B34: 壹、一、1 結構工程 9、3 排水復舊及臨時導排水工程 9 | C34: =1412+116 -> 1528 | D34: M3 | E34: 110/10/13 | F34: 16 | G34: M3 | H34: =E34 -> 110/10/13 | I34: V=每批數量(M3) V≦50 取樣2(組) 50≦V<100 取樣3組 100≦V<200 取樣4(組) V>200 INT(V/100)+取樣3(組)。 | J34: =J32+F34 -> 267 | K34: M3 | M34: 監造單位:李秉融 | N34: M38A2-J-a-C4A-361 官田溪河川橋P6L基礎PC
B35: 結構用混凝土，80kgf/cm2 | E35: =E34 -> 110/10/13 | J35: =J33+H35 -> 12 | K35: 組 | M35: 施工廠商:劉琮誠
A36: 1-16 | B36: 壹、一、1 結構工程 9、3 排水復舊及臨時導排水工程 9 | C36: =1412+116 -> 1528 | D36: M3 | E36: 110/11/01 | F36: 8 | G36: M3 | H36: =E36 -> 110/11/01 | I36: V=每批數量(M3) V≦50 取樣2(組) 50≦V<100 取樣3組 100≦V<200 取樣4(組) V>200 INT(V/100)+取樣3(組)。 | J36: =J34+F36 -> 275 | K36: M3 | M36: 監造單位:林東新 | N36: M38A2-J-a-C4A-366 官田五號高架橋P1基礎PC
B37: 結構用混凝土，80kgf/cm2 | E37: =E36 -> 110/11/01 | J37: =J35+H37 -> 12 | K37: 組 | M37: 施工廠商:劉琮誠
A38: 1-17 | B38: 壹、一、1 結構工程 9、3 排水復舊及臨時導排水工程 9 | C38: =1412+116 -> 1528 | D38: M3 | E38: 110/11/03 | F38: 7 | G38: M3 | H38: =E38 -> 110/11/03 | I38: V=每批數量(M3) V≦50 取樣2(組) 50≦V<100 取樣3組 100≦V<200 取樣4(組) V>200 INT(V/100)+取樣3(組)。 | J38: =J36+F38 -> 282 | K38: M3 | M38: 監造單位:李秉融 | N38: M38A2-J-a-C4A-367 南117穿越橋P1R基礎PC
B39: 結構用混凝土，80kgf/cm2 | E39: =E38 -> 110/11/03 | J39: =J37+H39 -> 12 | K39: 組 | M39: 施工廠商:周孝忠
A40: 1-18 | B40: 壹、一、1 結構工程 9、3 排水復舊及臨時導排水工程 9 | C40: =1412+116 -> 1528 | D40: M3 | E40: 110/11/17 | F40: 16 | G40: M3 | H40: =E40 -> 110/11/17 | I40: V=每批數量(M3) V≦50 取樣2(組) 50≦V<100 取樣3組 100≦V<200 取樣4(組) V>200 INT(V/100)+取樣3(組)。 | J40: =J38+F40 -> 298 | K40: M3 | M40: 監造單位:吳英傑 | N40: M38A2-J-a-C4A-380 官田四號高架橋P1基礎PC
B41: 結構用混凝土，80kgf/cm2 | E41: =E40 -> 110/11/17 | H41: 2 | J41: =J39+H41 -> 14 | K41: 組 | M41: 施工廠商:石錦茹
A42: 1-19 | B42: 壹、一、1 結構工程 9、3 排水復舊及臨時導排水工程 9 | C42: =1412+116 -> 1528 | D42: M3 | E42: 111/01/14 | F42: 7 | G42: M3 | H42: =E42 -> 111/01/14 | I42: V=每批數量(M3) V≦50 取樣2(組) 50≦V<100 取樣3組 100≦V<200 取樣4(組) V>200 INT(V/100)+取樣3(組)。 | J42: =J40+F42 -> 305 | K42: M3 | M42: 監造單位:林東新 | N42: M38A2-J-a-C4A-385 南117穿越橋P1L基礎PC
B43: 結構用混凝土，80kgf/cm2 | E43: =E42 -> 111/01/14 | H43: 2 | J43: =J41+H43 -> 16 | K43: 組 | M43: 施工廠商:劉琮誠
A44: 1-20 | B44: 壹、一、1 結構工程 9、3 排水復舊及臨時導排水工程 9 | C44: =1412+116 -> 1528 | D44: M3 | E44: 111/01/17 | F44: 19 | G44: M3 | H44: =E44 -> 111/01/17 | I44: V=每批數量(M3) V≦50 取樣2(組) 50≦V<100 取樣3組 100≦V<200 取樣4(組) V>200 INT(V/100)+取樣3(組)。 | J44: =J42+F44 -> 324 | K44: M3 | M44: 監造單位:李秉融 | N44: M38A2-J-a-C4A-387 官田一號高架橋P6W基礎PC
B45: 結構用混凝土，80kgf/cm2 | E45: =E44 -> 111/01/17 | J45: =J43+H45 -> 16 | K45: 組 | M45: 施工廠商:劉琮誠
A46: 1-21 | B46: 壹、一、1 結構工程 9、3 排水復舊及臨時導排水工程 9 | C46: =1412+116 -> 1528 | D46: M3 | E46: 111/02/14 | F46: 20 | G46: M3 | H46: =E46 -> 111/02/14 | I46: V=每批數量(M3) V≦50 取樣2(組) 50≦V<100 取樣3組 100≦V<200 取樣4(組) V>200 INT(V/100)+取樣3(組)。 | J46: =J44+F46 -> 344 | K46: M3 | M46: 監造單位:李秉融 | N46: M38A2-J-a-C4A-394 官田一號高架橋P5W基礎PC
B47: 結構用混凝土，80kgf/cm2 | E47: =E46 -> 111/02/14 | H47: 2 | J47: =J45+H47 -> 18 | K47: 組 | M47: 施工廠商:劉琮誠
A48: 1-22 | B48: 壹、一、1 結構工程 9、3 排水復舊及臨時導排水工程 9 | C48: =1412+116 -> 1528 | D48: M3 | E48: 111/02/18 | F48: 8 | G48: M3 | H48: =E48 -> 111/02/18 | I48: V=每批數量(M3) V≦50 取樣2(組) 50≦V<100 取樣3組 100≦V<200 取樣4(組) V>200 INT(V/100)+取樣3(組)。 | J48: =J46+F48 -> 352 | K48: M3 | M48: 監造單位:李秉融 | N48: M38A2-J-a-C4A-395 六雙溪四號排水橋P1基礎PC
B49: 結構用混凝土，80kgf/cm2 | E49: =E48 -> 111/02/18 | J49: =J47+H49 -> 18 | K49: 組 | M49: 施工廠商:劉琮誠
A50: 1-23 | B50: 壹、一、1 結構工程 9、3 排水復舊及臨時導排水工程 9 | C50: =1412+116 -> 1528 | D50: M3 | E50: 111/03/07 | F50: 20 | G50: M3 | H50: =E50 -> 111/03/07 | I50: V=每批數量(M3) V≦50 取樣2(組) 50≦V<100 取樣3組 100≦V<200 取樣4(組) V>200 INT(V/100)+取樣3(組)。 | J50: =J48+F50 -> 372 | K50: M3 | M50: 監造單位:李秉融 | N50: M38A2-J-a-C4A-399 官田一號高架橋P6E基礎PC
B51: 結構用混凝土，80kgf/cm2 | E51: =E50 -> 111/03/07 | J51: =J49+H51 -> 18 | K51: 組 | M51: 施工廠商:周孝忠
A52: 1-24 | B52: 壹、一、1 結構工程 9、3 排水復舊及臨時導排水工程 9 | C52: =1412+116 -> 1528 | D52: M3 | E52: 111/03/25 | F52: 10 | G52: M3 | H52: =E52 -> 111/03/25 | I52: V=每批數量(M3) V≦50 取樣2(組) 50≦V<100 取樣3組 100≦V<200 取樣4(組) V>200 INT(V/100)+取樣3(組)。 | J52: =J50+F52 -> 382 | K52: M3 | M52: 監造單位:黃麒源 | N52: M38A2-J-a-C4A-406 官田二號高架橋P2基礎PC
B53: 結構用混凝土，80kgf/cm2 | E53: =E52 -> 111/03/25 | H53: 2 | J53: =J51+H53 -> 20 | K53: 組 | M53: 施工廠商:石錦茹
A54: 1-25 | B54: 壹、一、1 結構工程 9、3 排水復舊及臨時導排水工程 9 | C54: =1412+116 -> 1528 | D54: M3 | E54: 111/03/30 | F54: 6 | G54: M3 | H54: =E54 -> 111/03/30 | I54: V=每批數量(M3) V≦50 取樣2(組) 50≦V<100 取樣3組 100≦V<200 取樣4(組) V>200 INT(V/100)+取樣3(組)。 | J54: =J52+F54 -> 388 | K54: M3 | M54: 監造單位:李秉融 | N54: M38A2-J-a-C4A-407 官田六號高架橋P6基礎PC
B55: 結構用混凝土，80kgf/cm2 | E55: =E54 -> 111/03/30 | J55: =J53+H55 -> 20 | K55: 組 | M55: 施工廠商:周孝忠
A56: 1-26 | B56: 壹、一、1 結構工程 9、3 排水復舊及臨時導排水工程 9 | C56: =1412+116 -> 1528 | D56: M3 | E56: 111/03/30 | F56: 16 | G56: M3 | H56: =E56 -> 111/03/30 | I56: V=每批數量(M3) V≦50 取樣2(組) 50≦V<100 取樣3組 100≦V<200 取樣4(組) V>200 INT(V/100)+取樣3(組)。 | J56: =J54+F56 -> 404 | K56: M3 | M56: 監造單位:李秉融 | N56: M38A2-J-a-C4A-408 官田溪河川橋P7R基礎PC
B57: 結構用混凝土，80kgf/cm2 | E57: =E56 -> 111/03/30 | J57: =J55+H57 -> 20 | K57: 組 | M57: 施工廠商:周孝忠
A58: 1-27 | B58: 壹、一、1 結構工程 9、3 排水復舊及臨時導排水工程 9 | C58: =1412+116 -> 1528 | D58: M3 | E58: 111/04/26 | F58: 26 | G58: M3 | H58: =E58 -> 111/04/26 | I58: V=每批數量(M3) V≦50 取樣2(組) 50≦V<100 取樣3組 100≦V<200 取樣4(組) V>200 INT(V/100)+取樣3(組)。 | J58: =J56+F58 -> 430 | K58: M3 | M58: 監造單位:吳英傑 | N58: M38A2-J-a-C4A-419 官田五號高架橋P2基礎PC
B59: 結構用混凝土，80kgf/cm2 | E59: =E58 -> 111/04/26 | H59: 2 | J59: =J57+H59 -> 22 | K59: 組 | M59: 施工廠商:劉琮誠
A60: 1-28 | B60: 壹、一、1 結構工程 9、3 排水復舊及臨時導排水工程 9 | C60: =1412+116 -> 1528 | D60: M3 | E60: 111/05/03 | F60: 32 | G60: M3 | H60: =E60 -> 111/05/03 | I60: V=每批數量(M3) V≦50 取樣2(組) 50≦V<100 取樣3組 100≦V<200 取樣4(組) V>200 INT(V/100)+取樣3(組)。 | J60: =J58+F60 -> 462 | K60: M3 | M60: 監造單位:李秉融 | N60: M38A2-J-a-C4A-421 171甲穿越橋P1RL基礎PC
B61: 結構用混凝土，80kgf/cm2 | E61: =E60 -> 111/05/03 | J61: =J59+H61 -> 22 | K61: 組 | M61: 施工廠商:劉琮誠
A62: 1-29 | B62: 壹、一、1 結構工程 9、3 排水復舊及臨時導排水工程 9 | C62: =1412+116 -> 1528 | D62: M3 | E62: 111/05/20 | F62: 32 | G62: M3 | H62: =E62 -> 111/05/20 | I62: V=每批數量(M3) V≦50 取樣2(組) 50≦V<100 取樣3組 100≦V<200 取樣4(組) V>200 INT(V/100)+取樣3(組)。 | J62: =J60+F62 -> 494 | K62: M3 | M62: 監造單位:吳英傑 | N62: M38A2-J-a-C4A-428 曾文溪橋P10基礎PC
B63: 結構用混凝土，80kgf/cm2 | E63: =E62 -> 111/05/20 | H63: 2 | J63: =J61+H63 -> 24 | K63: 組 | M63: 施工廠商:石錦茹
A64: 1-30 | B64: 壹、一、1 結構工程 9、3 排水復舊及臨時導排水工程 9 | C64: =1412+116 -> 1528 | D64: M3 | E64: 111/05/24 | F64: 4.5 | G64: M3 | H64: =E64 -> 111/05/24 | I64: V=每批數量(M3) V≦50 取樣2(組) 50≦V<100 取樣3組 100≦V<200 取樣4(組) V>200 INT(V/100)+取樣3(組)。 | J64: =J62+F64 -> 498.5 | K64: M3 | M64: 監造單位:李秉融 | N64: M38A2-J-a-C4A-429 官田三號高架橋P8基礎PC
B65: 結構用混凝土，80kgf/cm2 | E65: =E64 -> 111/05/24 | J65: =J63+H65 -> 24 | K65: 組 | M65: 施工廠商:劉琮誠
A66: 1-31 | B66: 壹、一、1 結構工程 9、3 排水復舊及臨時導排水工程 9 | C66: =1412+116 -> 1528 | D66: M3 | E66: 111/06/13 | F66: 22 | G66: M3 | H66: =E66 -> 111/06/13 | I66: V=每批數量(M3) V≦50 取樣2(組) 50≦V<100 取樣3組 100≦V<200 取樣4(組) V>200 INT(V/100)+取樣3(組)。 | J66: =J64+F66 -> 520.5 | K66: M3 | M66: 監造單位:吳英傑 | N66: M38A2-J-a-C4A-435 官田溪河川橋P20R側基礎PC
B67: 結構用混凝土，80kgf/cm2 | E67: =E66 -> 111/06/13 | J67: =J65+H67 -> 24 | K67: 組 | M67: 施工廠商:石錦茹
A68: 1-32 | B68: 壹、一、1 結構工程 9、3 排水復舊及臨時導排水工程 9 | C68: =1412+116 -> 1528 | D68: M3 | E68: 111/06/20 | F68: 22 | G68: M3 | H68: =E68 -> 111/06/20 | I68: V=每批數量(M3) V≦50 取樣2(組) 50≦V<100 取樣3組 100≦V<200 取樣4(組) V>200 INT(V/100)+取樣3(組)。 | J68: =J66+F68 -> 542.5 | K68: M3 | M68: 監造單位:吳英傑 | N68: M38A2-J-a-C4A-436 官田三號高架橋P6基礎PC
B69: 結構用混凝土，80kgf/cm2 | E69: =E68 -> 111/06/20 | H69: 2 | J69: =J67+H69 -> 26 | K69: 組 | M69: 施工廠商:石錦茹
A70: 1-33 | B70: 壹、一、1 結構工程 9、3 排水復舊及臨時導排水工程 9 | C70: =1412+116 -> 1528 | D70: M3 | E70: 111/06/22 | F70: 16 | G70: M3 | H70: =E70 -> 111/06/22 | I70: V=每批數量(M3) V≦50 取樣2(組) 50≦V<100 取樣3組 100≦V<200 取樣4(組) V>200 INT(V/100)+取樣3(組)。 | J70: =J68+F70 -> 558.5 | K70: M3 | M70: 監造單位:李秉融 | N70: M38A2-J-a-C4A-437 官田溪河川橋P6R基礎PC
B71: 結構用混凝土，80kgf/cm2 | E71: =E70 -> 111/06/22 | J71: =J69+H71 -> 26 | K71: 組 | M71: 施工廠商:陳建瑋
A72: 1-34 | B72: 壹、一、1 結構工程 9、3 排水復舊及臨時導排水工程 9 | C72: =1412+116 -> 1528 | D72: M3 | E72: 111/06/23 | F72: 4 | G72: M3 | H72: =E72 -> 111/06/23 | I72: V=每批數量(M3) V≦50 取樣2(組) 50≦V<100 取樣3組 100≦V<200 取樣4(組) V>200 INT(V/100)+取樣3(組)。 | J72: =J70+F72 -> 562.5 | K72: M3 | M72: 監造單位:吳英傑 | N72: M38A2-J-a-C4A-440 官田三號高架橋P1基礎PC
B73: 結構用混凝土，80kgf/cm2 | E73: =E72 -> 111/06/23 | J73: =J71+H73 -> 26 | K73: 組 | M73: 施工廠商:石錦茹
A74: 1-35 | B74: 壹、一、1 結構工程 9、3 排水復舊及臨時導排水工程 9 | C74: =1412+116 -> 1528 | D74: M3 | E74: 111/07/05 | F74: 26 | G74: M3 | H74: =E74 -> 111/07/05 | I74: V=每批數量(M3) V≦50 取樣2(組) 50≦V<100 取樣3組 100≦V<200 取樣4(組) V>200 INT(V/100)+取樣3(組)。 | J74: =J72+F74 -> 588.5 | K74: M3 | M74: 監造單位:李秉融 | N74: M38A2-J-a-C4A-448 官田溪河川橋P17L基礎PC
B75: 結構用混凝土，80kgf/cm2 | E75: =E74 -> 111/07/05 | H75: 2 | J75: =J73+H75 -> 28 | K75: 組 | M75: 施工廠商:陳建瑋
A76: 1-36 | B76: 壹、一、1 結構工程 9、3 排水復舊及臨時導排水工程 9 | C76: =1412+116 -> 1528 | D76: M3 | E76: 111/07/25 | F76: 9 | G76: M3 | H76: =E76 -> 111/07/25 | I76: V=每批數量(M3) V≦50 取樣2(組) 50≦V<100 取樣3組 100≦V<200 取樣4(組) V>200 INT(V/100)+取樣3(組)。 | J76: =J74+F76 -> 597.5 | K76: M3 | M76: 監造單位:李秉融 | N76: M38A2-J-a-C4A-463 糖鐵四號穿越橋既有水溝復舊
B77: 結構用混凝土，80kgf/cm2 | E77: =E76 -> 111/07/25 | J77: =J75+H77 -> 28 | K77: 組 | M77: 施工廠商:石錦茹
A78: 1-37 | B78: 壹、一、1 結構工程 9、3 排水復舊及臨時導排水工程 9 | C78: =1412+116 -> 1528 | D78: M3 | E78: 111/07/29 | F78: 15.5 | G78: M3 | H78: =E78 -> 111/07/29 | I78: V=每批數量(M3) V≦50 取樣2(組) 50≦V<100 取樣3組 100≦V<200 取樣4(組) V>200 INT(V/100)+取樣3(組)。 | J78: =J76+F78 -> 613 | K78: M3 | M78: 監造單位:李秉融 | N78: M38A2-J-a-C4A-472 官田一號高架橋P7EW基礎PC
B79: 結構用混凝土，80kgf/cm2 | E79: =E78 -> 111/07/29 | J79: =J77+H79 -> 28 | K79: 組 | M79: 施工廠商:石錦茹
A80: 1-38 | B80: 壹、一、1 結構工程 9、3 排水復舊及臨時導排水工程 9 | C80: =1412+116 -> 1528 | D80: M3 | E80: 111/07/29 | F80: 24 | G80: M3 | H80: =E80 -> 111/07/29 | I80: V=每批數量(M3) V≦50 取樣2(組) 50≦V<100 取樣3組 100≦V<200 取樣4(組) V>200 INT(V/100)+取樣3(組)。 | J80: =J78+F80 -> 637 | K80: M3 | M80: 監造單位:李秉融 | N80: M38A2-J-a-C4A-473 官田溪河川橋P1L基礎PC，P20既有排水溝復舊PC
B81: 結構用混凝土，80kgf/cm2 | E81: =E80 -> 111/07/29 | H81: 2 | J81: =J79+H81 -> 30 | K81: 組 | M81: 施工廠商:石錦茹
A82: 1-38 | B82: 壹、一、1 結構工程 9、3 排水復舊及臨時導排水工程 9 | C82: =1412+116 -> 1528 | D82: M3 | E82: 111/08/13 | F82: 13 | G82: M3 | H82: =E82 -> 111/08/13 | I82: V=每批數量(M3) V≦50 取樣2(組) 50≦V<100 取樣3組 100≦V<200 取樣4(組) V>200 INT(V/100)+取樣3(組)。 | J82: =J80+F82 -> 650 | K82: M3 | M82: 監造單位:吳英傑 | N82: M38A2-J-a-C4A-484 官田溪河川橋P11L基礎PC
B83: 結構用混凝土，80kgf/cm2 | E83: =E82 -> 111/08/13 | J83: =J81+H83 -> 30 | K83: 組 | M83: 施工廠商:陳建瑋
A84: 1-39 | B84: 壹、一、1 結構工程 9、3 排水復舊及臨時導排水工程 9 | C84: =1412+116 -> 1528 | D84: M3 | E84: 111/09/16 | F84: 20 | G84: M3 | H84: =E84 -> 111/09/16 | I84: V=每批數量(M3) V≦50 取樣2(組) 50≦V<100 取樣3組 100≦V<200 取樣4(組) V>200 INT(V/100)+取樣3(組)。 | J84: =J82+F84 -> 670 | K84: M3 | M84: 監造單位:李秉融 | N84: M38A2-J-a-C4A-493 官田溪河川橋P1R基礎PC
B85: 結構用混凝土，80kgf/cm2 | E85: =E84 -> 111/09/16 | J85: =J83+H85 -> 30 | K85: 組 | M85: 施工廠商:周孝忠
A86: 1-40 | B86: 壹、一、1 結構工程 9、3 排水復舊及臨時導排水工程 9 | C86: =1412+116 -> 1528 | D86: M3 | E86: 111/09/20 | F86: 7 | G86: M3 | H86: =E86 -> 111/09/20 | I86: V=每批數量(M3) V≦50 取樣2(組) 50≦V<100 取樣3組 100≦V<200 取樣4(組) V>200 INT(V/100)+取樣3(組)。 | J86: =J84+F86 -> 677 | K86: M3 | M86: 監造單位:吳英傑 | N86: M38A2-J-a-C4A-499 官田一號高架橋P4EW基礎PC
B87: 結構用混凝土，80kgf/cm2 | E87: =E86 -> 111/09/20 | H87: 2 | J87: =J85+H87 -> 32 | K87: 組 | M87: 施工廠商:石錦茹
A88: 1-41 | B88: 壹、一、1 結構工程 9、3 排水復舊及臨時導排水工程 9 | C88: =1412+116 -> 1528 | D88: M3 | E88: 111/09/22 | F88: 13 | G88: M3 | H88: =E88 -> 111/09/22 | I88: V=每批數量(M3) V≦50 取樣2(組) 50≦V<100 取樣3組 100≦V<200 取樣4(組) V>200 INT(V/100)+取樣3(組)。 | J88: =J86+F88 -> 690 | K88: M3 | M88: 監造單位:李秉融 | N88: M38A2-J-a-C4A-500 官田溪河川橋P19L基礎PC
B89: 結構用混凝土，80kgf/cm2 | E89: =E88 -> 111/09/22 | J89: =J87+H89 -> 32 | K89: 組 | M89: 施工廠商:周孝忠
A90: 1-42 | B90: 壹、一、1 結構工程 9、3 排水復舊及臨時導排水工程 9 | C90: =1412+116 -> 1528 | D90: M3 | E90: 111/10/05 | F90: 6 | G90: M3 | H90: =E90 -> 111/10/05 | I90: V=每批數量(M3) V≦50 取樣2(組) 50≦V<100 取樣3組 100≦V<200 取樣4(組) V>200 INT(V/100)+取樣3(組)。 | J90: =J88+F90 -> 696 | K90: M3 | M90: 監造單位:吳英傑 | N90: M38A2-J-a-C4A-506 官田二號高架橋P1基礎PC
B91: 結構用混凝土，80kgf/cm2 | E91: =E90 -> 111/10/05 | J91: =J89+H91 -> 32 | K91: 組 | M91: 施工廠商:石錦茹
A92: 1-43 | B92: 壹、一、1 結構工程 9、3 排水復舊及臨時導排水工程 9 | C92: =1412+116 -> 1528 | D92: M3 | E92: 111/10/12 | F92: 6 | G92: M3 | H92: =E92 -> 111/10/12 | I92: V=每批數量(M3) V≦50 取樣2(組) 50≦V<100 取樣3組 100≦V<200 取樣4(組) V>200 INT(V/100)+取樣3(組)。 | J92: =J90+F92 -> 702 | K92: M3 | M92: 監造單位:黃麒源 | N92: M38A2-J-a-C4A-508 官田二號高架橋P6基礎PC 官田三號高架橋P2基礎PC
B93: 結構用混凝土，80kgf/cm2 | E93: =E92 -> 111/10/12 | J93: =J91+H93 -> 32 | K93: 組 | M93: 施工廠商:周孝忠
A94: 1-44 | B94: 壹、一、1 結構工程 9、3 排水復舊及臨時導排水工程 9 | C94: =1412+116 -> 1528 | D94: M3 | E94: 111/10/13 | F94: 20 | G94: M3 | H94: =E94 -> 111/10/13 | I94: V=每批數量(M3) V≦50 取樣2(組) 50≦V<100 取樣3組 100≦V<200 取樣4(組) V>200 INT(V/100)+取樣3(組)。 | J94: =J92+F94 -> 722 | K94: M3 | M94: 監造單位:李秉融 | N94: M38A2-J-a-C4A-509 官田溪河川橋P11R基礎PC
B95: 結構用混凝土，80kgf/cm2 | E95: =E94 -> 111/10/13 | H95: 2 | J95: =J93+H95 -> 34 | K95: 組 | M95: 施工廠商:陳建瑋
A96: 1-45 | B96: 壹、一、1 結構工程 9、3 排水復舊及臨時導排水工程 9 | C96: =1412+116 -> 1528 | D96: M3 | E96: 111/10/20 | F96: 3.5 | G96: M3 | H96: =E96 -> 111/10/20 | I96: V=每批數量(M3) V≦50 取樣2(組) 50≦V<100 取樣3組 100≦V<200 取樣4(組) V>200 INT(V/100)+取樣3(組)。 | J96: =J94+F96 -> 725.5 | K96: M3 | M96: 監造單位:吳英傑 | N96: M38A2-J-a-C4A-520 官田溪河川橋P1水溝復舊PC
B97: 結構用混凝土，80kgf/cm2 | E97: =E96 -> 111/10/20 | J97: =J95+H97 -> 34 | K97: 組 | M97: 施工廠商:石錦茹
A98: 1-46 | B98: 壹、一、1 結構工程 9、3 排水復舊及臨時導排水工程 9 | C98: =1412+116 -> 1528 | D98: M3 | E98: 111/10/20 | F98: 2 | G98: M3 | H98: =E98 -> 111/10/20 | I98: V=每批數量(M3) V≦50 取樣2(組) 50≦V<100 取樣3組 100≦V<200 取樣4(組) V>200 INT(V/100)+取樣3(組)。 | J98: =J96+F98 -> 727.5 | K98: M3 | M98: 監造單位:吳英傑 | N98: M38A2-J-a-C4A-521官田三號高架橋P2基礎PC
B99: 結構用混凝土，80kgf/cm2 | E99: =E98 -> 111/10/20 | J99: =J97+H99 -> 34 | K99: 組 | M99: 施工廠商:石錦茹
A100: 1-47 | B100: 壹、一、1 結構工程 9、3 排水復舊及臨時導排水工程 9 | C100: =1412+116 -> 1528 | D100: M3 | E100: 111/11/02 | F100: 4.5 | G100: M3 | H100: =E100 -> 111/11/02 | I100: V=每批數量(M3) V≦50 取樣2(組) 50≦V<100 取樣3組 100≦V<200 取樣4(組) V>200 INT(V/100)+取樣3(組)。 | J100: =J98+F100 -> 732 | K100: M3 | M100: 監造單位:李秉融 | N100: M38A2-J-a-C4A-538 官田溪河川橋P1L水溝復舊PC
...

Sheet 混凝土 80KGF CM3 竑榮官田廠
A1: 國道高速公路後續路段橋梁耐震補強工程(區段2-1)第M38A2標-烏山頭新化段 材料設備檢(試)驗管制總表 製表資料日期:110/02/18止
A2: 項次 | B2: 契約詳細表項次 | C2: 契約數量 | E2: 預定進場日期 | F2: 進場數量 | H2: 抽樣日期 | J2: 規定抽(取)樣頻率 | K2: 累積進場數量 | M2: 抽試驗結果 | N2: 抽驗及會同人員 | O2: 備註
B3: 材料(設備)名稱 | E3: 實際進場日期 | H3: 抽樣數量 | K3: 累積抽樣數量 | O3: (歸檔編號)
A4: 1 | B4: 壹、一、1 結構工程 9、3 排水復舊及臨時導排水工程 9 | C4: =1412+116 -> 1528 | D4: M3 | E4: 109/08/28 | F4: 一式 | G4: M3 | H4: 109/08/28 | J4: V=每批數量(M3) V≦50 取樣2(組) 50≦V<100 取樣3組 100≦V<200 取樣4(組) V>200 INT(V/100)+取樣3(組)。 | K4: 一式 | M4: 合格 | N4: 監造單位:李秉融 | O4: 竑榮官田廠:109.08.14棪嘉南(A2)監字第10908022號函廠商核定。 109.08.25驗廠取樣)。 109.10.06 80、175、245、280、315W廠拌。M38A2-J-a-C1-009 | P4: 1100224
B5: 結構用混凝土，80kgf/cm2 | E5: 109/08/28 | H5: 一式 | K5: 一式 | N5: 施工廠商:柯志龍
A6: 1 | B6: 壹、一、1 結構工程 9、3 排水復舊及臨時導排水工程 9 | C6: =1412+116 -> 1528 | D6: M3 | E6: 109/08/28 | F6: 一式 | G6: M3 | H6: 109/08/28 | J6: V=每批數量(M3) V≦50 取樣2(組) 50≦V<100 取樣3組 100≦V<200 取樣4(組) V>200 INT(V/100)+取樣3(組)。 | K6: 一式 | M6: 合格 | N6: 監造單位:李秉融 | O6: 竑榮安定廠:109.08.14棪嘉南(A2)監字第10908023號函廠商核定。 109.08.31驗廠取樣。 109.10.07 80、175、245、280廠拌。 M38A2-J-a-C1-010
B7: 結構用混凝土，80kgf/cm2 | E7: 109/08/28 | H7: 一式 | K7: 一式 | N7: 施工廠商:柯志龍
A8: 1-1 | B8: 壹、一、1 結構工程 9、3 排水復舊及臨時導排水工程 9 | C8: =1412+116 -> 1528 | D8: M3 | E8: 110/03/31 | F8: 23 | G8: M3 | H8: 110/03/31 | J8: V=每批數量(M3) V≦50 取樣2(組) 50≦V<100 取樣3組 100≦V<200 取樣4(組) V>200 INT(V/100)+取樣3(組)。 | K8: 23 | L8: M3 | M8: 合格 | N8: 監造單位:李之杰 | O8: M38A2-J-a-C4B-104 潭頂溪排水橋P4基礎
B9: 結構用混凝土，80kgf/cm2 | E9: 110/03/31 | H9: 2 | K9: 2 | L9: 組 | N9: 施工廠商:劉琮誠
A10: 1-2 | B10: 壹、一、1 結構工程 9、3 排水復舊及臨時導排水工程 9 | C10: =1412+116 -> 1528 | D10: M3 | E10: 110/06/18 | F10: 3 | G10: M3 | H10: =E10 -> 110/06/18 | J10: V=每批數量(M3) V≦50 取樣2(組) 50≦V<100 取樣3組 100≦V<200 取樣4(組) V>200 INT(V/100)+取樣3(組)。 | K10: =K8+F10 -> 26 | L10: M3 | M10: 合格 | N10: 監造單位:李之杰 | O10: M38A2-J-a-C4B-144 潭頂溪排水橋P6支撐補強PC
B11: 結構用混凝土，80kgf/cm2 | E11: =E10 -> 110/06/18 | I11: 組 | K11: =K9+H11 -> 2 | L11: 組 | N11: 施工廠商:劉琮誠
A12: 1-3 | B12: 壹、一、1 結構工程 9、3 排水復舊及臨時導排水工程 9 | C12: =1412+116 -> 1528 | D12: M3 | E12: 110/07/12 | F12: 55 | G12: M3 | H12: =E12 -> 110/07/12 | J12: V=每批數量(M3) V≦50 取樣2(組) 50≦V<100 取樣3組 100≦V<200 取樣4(組) V>200 INT(V/100)+取樣3(組)。 | K12: =K10+F12 -> 81 | L12: M3 | M12: 合格 | N12: 監造單位:李之杰 | O12: M38A2-J-a-C4B-148 潭頂溪排水橋P3RL基礎補強PC
B13: 結構用混凝土，80kgf/cm2 | E13: =E12 -> 110/07/12 | H13: 3 | I13: 組 | K13: =K11+H13 -> 5 | L13: 組 | N13: 施工廠商:李秉融
A14: 1-4 | B14: 壹、一、1 結構工程 9、3 排水復舊及臨時導排水工程 9 | C14: =1412+116 -> 1528 | D14: M3 | E14: 110/07/27 | F14: 13 | G14: M3 | H14: =E14 -> 110/07/27 | J14: V=每批數量(M3) V≦50 取樣2(組) 50≦V<100 取樣3組 100≦V<200 取樣4(組) V>200 INT(V/100)+取樣3(組)。 | K14: =K12+F14 -> 94 | L14: M3 | M14: 合格 | N14: 監造單位:吳英傑 | O14: M38A2-J-a-C4B-168 潭頂溪排水橋P6RL基礎補強PC
B15: 結構用混凝土，80kgf/cm2 | E15: =E14 -> 110/07/27 | H15: 2 | I15: 組 | K15: =K13+H15 -> 7 | L15: 組 | N15: 施工廠商:石錦茹
A16: 1-5 | B16: 壹、一、1 結構工程 9、3 排水復舊及臨時導排水工程 9 | C16: =1412+116 -> 1528 | D16: M3 | E16: 110/09/24 | F16: 16 | G16: M3 | H16: =E16 -> 110/09/24 | J16: V=每批數量(M3) V≦50 取樣2(組) 50≦V<100 取樣3組 100≦V<200 取樣4(組) V>200 INT(V/100)+取樣3(組)。 | K16: =K14+F16 -> 110 | L16: M3 | M16: 合格 | N16: 監造單位:吳英傑 | O16: M38A2-J-a-C4B-174 潭頂溪排水橋P7RL側基礎底PC
B17: 結構用混凝土，80kgf/cm2 | E17: =E16 -> 110/09/24 | H17: 2 | I17: 組 | K17: =K15+H17 -> 9 | L17: 組 | N17: 施工廠商:石錦茹
A18: 1-6 | B18: 壹、一、1 結構工程 9、3 排水復舊及臨時導排水工程 9 | C18: =1412+116 -> 1528 | D18: M3 | E18: 110/10/25 | F18: 23 | G18: M3 | H18: =E18 -> 110/10/25 | J18: V=每批數量(M3) V≦50 取樣2(組) 50≦V<100 取樣3組 100≦V<200 取樣4(組) V>200 INT(V/100)+取樣3(組)。 | K18: =K16+F18 -> 133 | L18: M3 | M18: 合格 | N18: 監造單位:李之杰 | O18: M38A2-J-a-C4B-178 潭頂溪排水橋P5RL側基礎底PC
B19: 結構用混凝土，80kgf/cm2 | E19: =E18 -> 110/10/25 | I19: 組 | K19: =K17+H19 -> 9 | L19: 組 | N19: 施工廠商:劉琮誠
A20: 1-7 | B20: 壹、一、1 結構工程 9、3 排水復舊及臨時導排水工程 9 | C20: =1412+116 -> 1528 | D20: M3 | E20: 110/11/24 | F20: 24 | G20: M3 | H20: =E20 -> 110/11/24 | J20: V=每批數量(M3) V≦50 取樣2(組) 50≦V<100 取樣3組 100≦V<200 取樣4(組) V>200 INT(V/100)+取樣3(組)。 | K20: =K18+F20 -> 157 | L20: M3 | M20: 合格 | N20: 監造單位:吳英傑 | O20: M38A2-J-a-C4B-185 官田二號高架橋P3基礎PC
B21: 結構用混凝土，80kgf/cm2 | E21: =E20 -> 110/11/24 | H21: 2 | I21: 組 | K21: =K19+H21 -> 11 | L21: 組 | N21: 施工廠商:石錦茹
A22: 1-8 | B22: 壹、一、1 結構工程 9、3 排水復舊及臨時導排水工程 9 | C22: =1412+116 -> 1528 | D22: M3 | E22: 110/11/25 | F22: 4.5 | G22: M3 | H22: =E22 -> 110/11/25 | J22: V=每批數量(M3) V≦50 取樣2(組) 50≦V<100 取樣3組 100≦V<200 取樣4(組) V>200 INT(V/100)+取樣3(組)。 | K22: =K20+F22 -> 161.5 | L22: M3 | M22: 合格 | N22: 監造單位:李之杰 | O22: M38A2-J-a-C4B-186 善化一號排水間穿越橋P2基礎
B23: 結構用混凝土，80kgf/cm2 | E23: =E22 -> 110/11/25 | I23: 組 | K23: =K21+H23 -> 11 | L23: 組 | N23: 施工廠商:劉琮誠
A24: 1-9 | B24: 壹、一、1 結構工程 9、3 排水復舊及臨時導排水工程 9 | C24: =1412+116 -> 1528 | D24: M3 | E24: 110/11/26 | F24: 31 | G24: M3 | H24: =E24 -> 110/11/26 | J24: V=每批數量(M3) V≦50 取樣2(組) 50≦V<100 取樣3組 100≦V<200 取樣4(組) V>200 INT(V/100)+取樣3(組)。 | K24: =K22+F24 -> 192.5 | L24: M3 | M24: 合格 | N24: 監造單位:吳英傑 | O24: M38A2-J-a-C4B-189 官田溪河川橋P16R基礎PC
B25: 結構用混凝土，80kgf/cm2 | E25: =E24 -> 110/11/26 | H25: 2 | I25: 組 | K25: =K23+H25 -> 13 | L25: 組 | N25: 施工廠商:石錦茹
A26: 1-10 | B26: 壹、一、1 結構工程 9、3 排水復舊及臨時導排水工程 9 | C26: =1412+116 -> 1528 | D26: M3 | E26: 110/12/13 | F26: 19 | G26: M3 | H26: =E26 -> 110/12/13 | J26: V=每批數量(M3) V≦50 取樣2(組) 50≦V<100 取樣3組 100≦V<200 取樣4(組) V>200 INT(V/100)+取樣3(組)。 | K26: =K24+F26 -> 211.5 | L26: M3 | M26: 合格 | N26: 監造單位:吳英傑 | O26: M38A2-J-a-C4B-210 官田一號高架橋P5E基礎PC
B27: 結構用混凝土，80kgf/cm2 | E27: =E26 -> 110/12/13 | H27: 2 | I27: 組 | K27: =K25+H27 -> 15 | L27: 組 | N27: 施工廠商:石錦茹
A28: 1-11 | B28: 壹、一、1 結構工程 9、3 排水復舊及臨時導排水工程 9 | C28: =1412+116 -> 1528 | D28: M3 | E28: 110/12/15 | F28: 6 | G28: M3 | H28: =E28 -> 110/12/15 | J28: V=每批數量(M3) V≦50 取樣2(組) 50≦V<100 取樣3組 100≦V<200 取樣4(組) V>200 INT(V/100)+取樣3(組)。 | K28: =K26+F28 -> 217.5 | L28: M3 | M28: 合格 | N28: 監造單位:林東新 | O28: M38A2-J-a-C4B-214 南117穿越橋P2R基礎PC
B29: 結構用混凝土，80kgf/cm2 | E29: =E28 -> 110/12/15 | I29: 組 | K29: =K27+H29 -> 15 | L29: 組 | N29: 施工廠商:劉琮誠
A30: 1-12 | B30: 壹、一、1 結構工程 9、3 排水復舊及臨時導排水工程 9 | C30: =1412+116 -> 1528 | D30: M3 | E30: 110/12/17 | F30: 16 | G30: M3 | H30: =E30 -> 110/12/17 | J30: V=每批數量(M3) V≦50 取樣2(組) 50≦V<100 取樣3組 100≦V<200 取樣4(組) V>200 INT(V/100)+取樣3(組)。 | K30: =K28+F30 -> 233.5 | L30: M3 | M30: 合格 | N30: 監造單位:吳英傑 | O30: M38A2-J-a-C4B-215 官田溪河川橋P7L基礎PC
B31: 結構用混凝土，80kgf/cm2 | E31: =E30 -> 110/12/17 | H31: 2 | I31: 組 | K31: =K29+H31 -> 17 | L31: 組 | N31: 施工廠商:石錦茹
A32: 1-13 | B32: 壹、一、1 結構工程 9、3 排水復舊及臨時導排水工程 9 | C32: =1412+116 -> 1528 | D32: M3 | E32: 110/12/25 | F32: 5.5 | G32: M3 | H32: =E32 -> 110/12/25 | J32: V=每批數量(M3) V≦50 取樣2(組) 50≦V<100 取樣3組 100≦V<200 取樣4(組) V>200 INT(V/100)+取樣3(組)。 | K32: =K30+F32 -> 239 | L32: M3 | M32: 合格 | N32: 監造單位:林東新 | O32: M38A2-J-a-C4B-221 善化一號排水兼穿越橋P1RL基礎PC
B33: 結構用混凝土，80kgf/cm2 | E33: =E32 -> 110/12/25 | H33: 2 | I33: 組 | K33: =K31+H33 -> 19 | L33: 組 | N33: 施工廠商:劉琮誠
A34: 1-14 | B34: 壹、一、1 結構工程 9、3 排水復舊及臨時導排水工程 9 | C34: =1412+116 -> 1528 | D34: M3 | E34: 111/01/03 | F34: 34 | G34: M3 | H34: =E34 -> 111/01/03 | J34: V=每批數量(M3) V≦50 取樣2(組) 50≦V<100 取樣3組 100≦V<200 取樣4(組) V>200 INT(V/100)+取樣3(組)。 | K34: =K32+F34 -> 273 | L34: M3 | M34: 合格 | N34: 監造單位:林東新 | O34: M38A2-J-a-C4B-243 曾文溪橋P9基礎PC
B35: 結構用混凝土，80kgf/cm2 | E35: =E34 -> 111/01/03 | I35: 組 | K35: =K33+H35 -> 19 | L35: 組 | N35: 施工廠商:劉琮誠
A36: 1-15 | B36: 壹、一、1 結構工程 9、3 排水復舊及臨時導排水工程 9 | C36: =1412+116 -> 1528 | D36: M3 | E36: 111/01/08 | F36: 9 | G36: M3 | H36: =E36 -> 111/01/08 | J36: V=每批數量(M3) V≦50 取樣2(組) 50≦V<100 取樣3組 100≦V<200 取樣4(組) V>200 INT(V/100)+取樣3(組)。 | K36: =K34+F36 -> 282 | L36: M3 | M36: 合格 | N36: 監造單位:吳英傑 | O36: M38A2-J-a-C4B-250 官田四號高架橋P7基礎PC
B37: 結構用混凝土，80kgf/cm2 | E37: =E36 -> 111/01/08 | I37: 組 | K37: =K35+H37 -> 19 | L37: 組 | N37: 施工廠商:劉琮誠
A38: 1-16 | B38: 壹、一、1 結構工程 9、3 排水復舊及臨時導排水工程 9 | C38: =1412+116 -> 1528 | D38: M3 | E38: 111/01/18 | F38: 23 | G38: M3 | H38: =E38 -> 111/01/18 | J38: V=每批數量(M3) V≦50 取樣2(組) 50≦V<100 取樣3組 100≦V<200 取樣4(組) V>200 INT(V/100)+取樣3(組)。 | K38: =K36+F38 -> 305 | L38: M3 | M38: 合格 | N38: 監造單位:林東新 | O38: M38A2-J-a-C4B-269 潭頂溪排水橋P2基礎PC
B39: 結構用混凝土，80kgf/cm2 | E39: =E38 -> 111/01/18 | H39: 2 | I39: 組 | K39: =K37+H39 -> 21 | L39: 組 | N39: 施工廠商:劉琮誠
A40: 1-17 | B40: 壹、一、1 結構工程 9、3 排水復舊及臨時導排水工程 9 | C40: =1412+116 -> 1528 | D40: M3 | E40: 111/01/21 | F40: 8 | G40: M3 | H40: =E40 -> 111/01/21 | J40: V=每批數量(M3) V≦50 取樣2(組) 50≦V<100 取樣3組 100≦V<200 取樣4(組) V>200 INT(V/100)+取樣3(組)。 | K40: =K38+F40 -> 313 | L40: M3 | M40: 合格 | N40: 監造單位:林東新 | O40: M38A2-J-a-C4B-273 六雙溪四號排水橋P2基礎PC
B41: 結構用混凝土，80kgf/cm2 | E41: =E40 -> 111/01/21 | I41: 組 | K41: =K39+H41 -> 21 | L41: 組 | N41: 施工廠商:劉琮誠
A42: 1-18 | B42: 壹、一、1 結構工程 9、3 排水復舊及臨時導排水工程 9 | C42: =1412+116 -> 1528 | D42: M3 | E42: 111/02/15 | F42: 7 | G42: M3 | H42: =E42 -> 111/02/15 | J42: V=每批數量(M3) V≦50 取樣2(組) 50≦V<100 取樣3組 100≦V<200 取樣4(組) V>200 INT(V/100)+取樣3(組)。 | K42: =K40+F42 -> 320 | L42: M3 | M42: 合格 | N42: 監造單位:吳英傑 | O42: M38A2-J-a-C4B-298 曾文溪橋P7R基礎PC
B43: 結構用混凝土，80kgf/cm2 | E43: =E42 -> 111/02/15 | I43: 組 | K43: =K41+H43 -> 21 | L43: 組 | N43: 施工廠商:劉琮誠
A44: 1-19 | B44: 壹、一、1 結構工程 9、3 排水復舊及臨時導排水工程 9 | C44: =1412+116 -> 1528 | D44: M3 | E44: 111/02/22 | F44: 7 | G44: M3 | H44: =E44 -> 111/02/22 | J44: V=每批數量(M3) V≦50 取樣2(組) 50≦V<100 取樣3組 100≦V<200 取樣4(組) V>200 INT(V/100)+取樣3(組)。 | K44: =K42+F44 -> 327 | L44: M3 | M44: 合格 | N44: 監造單位:吳英傑 | O44: M38A2-J-a-C4B-310 曾文溪橋P7L基礎PC
B45: 結構用混凝土，80kgf/cm2 | E45: =E44 -> 111/02/22 | I45: 組 | K45: =K43+H45 -> 21 | L45: 組 | N45: 施工廠商:劉琮誠
A46: 1-20 | B46: 壹、一、1 結構工程 9、3 排水復舊及臨時導排水工程 9 | C46: =1412+116 -> 1528 | D46: M3 | E46: 111/03/17 | F46: 29 | G46: M3 | H46: =E46 -> 111/03/17 | J46: V=每批數量(M3) V≦50 取樣2(組) 50≦V<100 取樣3組 100≦V<200 取樣4(組) V>200 INT(V/100)+取樣3(組)。 | K46: =K44+F46 -> 356 | L46: M3 | M46: 合格 | N46: 監造單位:李秉融 | O46: M38A2-J-a-C4B-369 官田溪河川橋P17R基礎PC
B47: 結構用混凝土，80kgf/cm2 | E47: =E46 -> 111/03/17 | H47: 2 | I47: 組 | K47: =K45+H47 -> 23 | L47: 組 | N47: 施工廠商:劉琮誠
A48: 1-21 | B48: 壹、一、1 結構工程 9、3 排水復舊及臨時導排水工程 9 | C48: =1412+116 -> 1528 | D48: M3 | E48: 111/03/24 | F48: 88 | G48: M3 | H48: =E48 -> 111/03/24 | J48: V=每批數量(M3) V≦50 取樣2(組) 50≦V<100 取樣3組 100≦V<200 取樣4(組) V>200 INT(V/100)+取樣3(組)。 | K48: =K46+F48 -> 444 | L48: M3 | M48: 合格 | N48: 監造單位:吳英傑 | O48: M38A2-J-a-C4B-372 曾文溪橋P7鼎塊PC
B49: 結構用混凝土，80kgf/cm2 | E49: =E48 -> 111/03/24 | H49: 3 | I49: 組 | K49: =K47+H49 -> 26 | L49: 組 | N49: 施工廠商:石錦茹
A50: 1-22 | B50: 壹、一、1 結構工程 9、3 排水復舊及臨時導排水工程 9 | C50: =1412+116 -> 1528 | D50: M3 | E50: 111/03/24 | F50: 16 | G50: M3 | H50: =E50 -> 111/03/24 | J50: V=每批數量(M3) V≦50 取樣2(組) 50≦V<100 取樣3組 100≦V<200 取樣4(組) V>200 INT(V/100)+取樣3(組)。 | K50: =K48+F50 -> 460 | L50: M3 | M50: 合格 | N50: 監造單位:吳英傑 | O50: M38A2-J-a-C4B-373 糖鐵四號穿越橋P2R基礎PC
B51: 結構用混凝土，80kgf/cm2 | E51: =E50 -> 111/03/24 | I51: 組 | K51: =K49+H51 -> 26 | L51: 組 | N51: 施工廠商:石錦茹
A52: 1-23 | B52: 壹、一、1 結構工程 9、3 排水復舊及臨時導排水工程 9 | C52: =1412+116 -> 1528 | D52: M3 | E52: 111/03/26 | F52: 116 | G52: M3 | H52: =E52 -> 111/03/26 | J52: V=每批數量(M3) V≦50 取樣2(組) 50≦V<100 取樣3組 100≦V<200 取樣4(組) V>200 INT(V/100)+取樣3(組)。 | K52: =K50+F52 -> 576 | L52: M3 | M52: 合格 | N52: 監造單位:吳英傑 | O52: M38A2-J-a-C4B-374 曾文溪橋P7鼎塊PC
B53: 結構用混凝土，80kgf/cm2 | E53: =E52 -> 111/03/26 | H53: 4 | I53: 組 | K53: =K51+H53 -> 30 | L53: 組 | N53: 施工廠商:劉琮誠
A54: 1-24 | B54: 壹、一、1 結構工程 9、3 排水復舊及臨時導排水工程 9 | C54: =1412+116 -> 1528 | D54: M3 | E54: 111/04/19 | F54: 231 | G54: M3 | H54: =E54 -> 111/04/19 | J54: V=每批數量(M3) V≦50 取樣2(組) 50≦V<100 取樣3組 100≦V<200 取樣4(組) V>200 INT(V/100)+取樣3(組)。 | K54: =K52+F54 -> 807 | L54: M3 | M54: 合格 | N54: 監造單位:吳英傑 | O54: M38A2-J-a-C4B-397 曾文溪橋P7鼎塊PC
B55: 結構用混凝土，80kgf/cm2 | E55: =E54 -> 111/04/19 | H55: 6 | I55: 組 | K55: =K53+H55 -> 36 | L55: 組 | N55: 施工廠商:石錦茹
A56: 1-25 | B56: 壹、一、1 結構工程 9、3 排水復舊及臨時導排水工程 9 | C56: =1412+116 -> 1528 | D56: M3 | E56: 111/05/12 | F56: 8 | G56: M3 | H56: =E56 -> 111/05/12 | J56: V=每批數量(M3) V≦50 取樣2(組) 50≦V<100 取樣3組 100≦V<200 取樣4(組) V>200 INT(V/100)+取樣3(組)。 | K56: =K54+F56 -> 815 | L56: M3 | M56: 合格 | N56: 監造單位:黃麒源 | O56: M38A2-J-a-C4B-410 糖鐵四號穿越橋P3L基礎PC
B57: 結構用混凝土，80kgf/cm2 | E57: =E56 -> 111/05/12 | I57: 組 | K57: =K55+H57 -> 36 | L57: 組 | N57: 施工廠商:劉琮誠
A58: 1-26 | B58: 壹、一、1 結構工程 9、3 排水復舊及臨時導排水工程 9 | C58: =1412+116 -> 1528 | D58: M3 | E58: 111/05/13 | F58: 119 | G58: M3 | H58: =E58 -> 111/05/13 | J58: V=每批數量(M3) V≦50 取樣2(組) 50≦V<100 取樣3組 100≦V<200 取樣4(組) V>200 INT(V/100)+取樣3(組)。 | K58: =K56+F58 -> 934 | L58: M3 | M58: 合格 | N58: 監造單位:吳英傑 | O58: M38A2-J-a-C4B-411 曾文溪橋P7鼎塊PC
B59: 結構用混凝土，80kgf/cm2 | E59: =E58 -> 111/05/13 | H59: 5 | I59: 組 | K59: =K57+H59 -> 41 | L59: 組 | N59: 施工廠商:劉琮誠
A60: 1-27 | B60: 壹、一、1 結構工程 9、3 排水復舊及臨時導排水工程 9 | C60: =1412+116 -> 1528 | D60: M3 | E60: 111/05/17 | F60: 25 | G60: M3 | H60: =E60 -> 111/05/17 | J60: V=每批數量(M3) V≦50 取樣2(組) 50≦V<100 取樣3組 100≦V<200 取樣4(組) V>200 INT(V/100)+取樣3(組)。 | K60: =K58+F60 -> 959 | L60: M3 | M60: 合格 | N60: 監造單位:吳英傑 | O60: M38A2-J-a-C4B-412 潭頂溪排水橋P1RL基礎PC
B61: 結構用混凝土，80kgf/cm2 | E61: =E60 -> 111/05/17 | H61: 2 | I61: 組 | K61: =K59+H61 -> 43 | L61: 組 | N61: 施工廠商:劉琮誠
A62: 1-28 | B62: 壹、一、1 結構工程 9、3 排水復舊及臨時導排水工程 9 | C62: =1412+116 -> 1528 | D62: M3 | E62: 111/05/23 | F62: 155 | G62: M3 | H62: =E62 -> 111/05/23 | J62: V=每批數量(M3) V≦50 取樣2(組) 50≦V<100 取樣3組 100≦V<200 取樣4(組) V>200 INT(V/100)+取樣3(組)。 | K62: =K60+F62 -> 1114 | L62: M3 | M62: 合格 | N62: 監造單位:黃麒源 | O62: M38A2-J-a-C4B-414 曾文溪橋P7鼎塊PC
B63: 結構用混凝土，80kgf/cm2 | E63: =E62 -> 111/05/23 | H63: 4 | I63: 組 | K63: =K61+H63 -> 47 | L63: 組 | N63: 施工廠商:劉琮誠
A64: 1-29 | B64: 壹、一、1 結構工程 9、3 排水復舊及臨時導排水工程 9 | C64: =1412+116 -> 1528 | D64: M3 | E64: 111/08/20 | F64: 3 | G64: M3 | H64: =E64 -> 111/08/20 | J64: V=每批數量(M3) V≦50 取樣2(組) 50≦V<100 取樣3組 100≦V<200 取樣4(組) V>200 INT(V/100)+取樣3(組)。 | K64: =K62+F64 -> 1117 | L64: M3 | M64: 合格 | N64: 監造單位:李秉融 | O64: M38A2-J-a-C4B-447 官田一號高架橋P2E基礎PC
B65: 結構用混凝土，80kgf/cm2 | E65: =E64 -> 111/08/20 | I65: 組 | K65: =K63+H65 -> 47 | L65: 組 | N65: 施工廠商:周孝忠
A66: 1-30 | B66: 壹、一、1 結構工程 9、3 排水復舊及臨時導排水工程 9 | C66: =1412+116 -> 1528 | D66: M3 | E66: 111/08/26 | F66: 9 | G66: M3 | H66: =E66 -> 111/08/26 | J66: V=每批數量(M3) V≦50 取樣2(組) 50≦V<100 取樣3組 100≦V<200 取樣4(組) V>200 INT(V/100)+取樣3(組)。 | K66: =K64+F66 -> 1126 | L66: M3 | M66: 合格 | N66: 監造單位:黃麒源 | O66: M38A2-J-a-C4B-461 糖鐵四號穿越橋既有水溝復舊PC
B67: 結構用混凝土，80kgf/cm2 | E67: =E66 -> 111/08/26 | I67: 組 | K67: =K65+H67 -> 47 | L67: 組 | N67: 施工廠商:周孝忠
A68: 1-31 | B68: 壹、一、1 結構工程 9、3 排水復舊及臨時導排水工程 9 | C68: =1412+116 -> 1528 | D68: M3 | E68: 111/09/14 | F68: 35 | G68: M3 | H68: =E68 -> 111/09/14 | J68: V=每批數量(M3) V≦50 取樣2(組) 50≦V<100 取樣3組 100≦V<200 取樣4(組) V>200 INT(V/100)+取樣3(組)。 | K68: =K66+F68 -> 1161 | L68: M3 | M68: 合格 | N68: 監造單位:黃麒源 | O68: M38A2-J-a-C4B-470 曾文溪橋P11RL基礎PC
B69: 結構用混凝土，80kgf/cm2 | E69: =E68 -> 111/09/14 | I69: 組 | K69: =K67+H69 -> 47 | L69: 組 | N69: 施工廠商:陳建瑋
A70: 1-32 | B70: 壹、一、1 結構工程 9、3 排水復舊及臨時導排水工程 9 | C70: =1412+116 -> 1528 | D70: M3 | E70: 111/09/21 | F70: 6 | G70: M3 | H70: =E70 -> 111/09/21 | J70: V=每批數量(M3) V≦50 取樣2(組) 50≦V<100 取樣3組 100≦V<200 取樣4(組) V>200 INT(V/100)+取樣3(組)。 | K70: =K68+F70 -> 1167 | L70: M3 | M70: 合格 | N70: 監造單位:黃麒源 | O70: M38A2-J-a-C4B-487 糖鐵四號穿越橋P1基礎PC
B71: 結構用混凝土，80kgf/cm2 | E71: =E70 -> 111/09/21 | I71: 組 | K71: =K69+H71 -> 47 | L71: 組 | N71: 施工廠商:陳建瑋
A72: 1-33 | B72: 壹、一、1 結構工程 9、3 排水復舊及臨時導排水工程 9 | C72: =1412+116 -> 1528 | D72: M3 | E72: 111/10/03 | F72: 26 | G72: M3 | H72: =E72 -> 111/10/03 | J72: V=每批數量(M3) V≦50 取樣2(組) 50≦V<100 取樣3組 100≦V<200 取樣4(組) V>200 INT(V/100)+取樣3(組)。 | K72: =K70+F72 -> 1193 | L72: M3 | M72: 合格 | N72: 監造單位:黃麒源 | O72: M38A2-J-a-C4B-493 官田溪河川橋P10R基礎PC
B73: 結構用混凝土，80kgf/cm2 | E73: =E72 -> 111/10/03 | I73: 組 | K73: =K71+H73 -> 47 | L73: 組 | N73: 施工廠商:陳建瑋
A74: 1-34 | B74: 壹、一、1 結構工程 9、3 排水復舊及臨時導排水工程 9 | C74: =1412+116 -> 1528 | D74: M3 | E74: 111/10/14 | F74: 40 | G74: M3 | H74: =E74 -> 111/10/14 | J74: V=每批數量(M3) V≦50 取樣2(組) 50≦V<100 取樣3組 100≦V<200 取樣4(組) V>200 INT(V/100)+取樣3(組)。 | K74: =K72+F74 -> 1233 | L74: M3 | M74: 合格 | N74: 監造單位:吳英傑 | O74: M38A2-J-a-C4B-504 官田六號高架橋P5基樁裸露補強
B75: 結構用混凝土，80kgf/cm2 | E75: =E74 -> 111/10/14 | H75: 2 | I75: 組 | K75: =K73+H75 -> 49 | L75: 組 | N75: 施工廠商:石錦茹
A76: 1-35 | B76: 壹、一、1 結構工程 9、3 排水復舊及臨時導排水工程 9 | C76: =1412+116 -> 1528 | D76: M3 | E76: 111/10/27 | F76: 13 | G76: M3 | H76: =E76 -> 111/10/27 | J76: V=每批數量(M3) V≦50 取樣2(組) 50≦V<100 取樣3組 100≦V<200 取樣4(組) V>200 INT(V/100)+取樣3(組)。 | K76: =K74+F76 -> 1246 | L76: M3 | M76: 合格 | N76: 監造單位:吳英傑 | O76: M38A2-J-a-C4B-524 糖鐵四號穿越橋P1R基礎PC
B77: 結構用混凝土，80kgf/cm2 | E77: =E76 -> 111/10/27 | I77: 組 | K77: =K75+H77 -> 49 | L77: 組 | N77: 施工廠商:石錦茹
A78: 1-35 | B78: 壹、一、1 結構工程 9、3 排水復舊及臨時導排水工程 9 | C78: =1412+116 -> 1528 | D78: M3 | E78: 111/12/24 | F78: 2 | G78: M3 | H78: =E78 -> 111/12/24 | J78: V=每批數量(M3) V≦50 取樣2(組) 50≦V<100 取樣3組 100≦V<200 取樣4(組) V>200 INT(V/100)+取樣3(組)。 | K78: =K76+F78 -> 1248 | L78: M3 | M78: 合格 | N78: 監造單位:吳英傑 | O78: M38A2-J-a-C4B-539 官田一號高架橋P3E基礎PC
B79: 結構用混凝土，80kgf/cm2 | E79: =E78 -> 111/12/24 | I79: 組 | K79: =K77+H79 -> 49 | L79: 組 | N79: 施工廠商:石錦茹

Sheet 混凝土 245KGF CM3 贊洲
A1: 國道高速公路後續路段橋梁耐震補強工程(區段2-1)第M38A2標-烏山頭新化段 材料設備檢(試)驗管制總表 製表資料日期:110/02/18止
A2: 項次 | B2: 契約詳細表項次 | C2: 契約數量 | E2: 預定進場日期 | F2: 進場數量 | H2: 抽樣日期 | J2: 規定抽(取)樣頻率 | K2: 累積進場數量 | M2: 抽試驗結果 | N2: 抽驗及會同人員 | O2: 備註
B3: 材料(設備)名稱 | E3: 實際進場日期 | H3: 抽樣數量 | K3: 累積抽樣數量 | O3: (歸檔編號)
A4: 2 | B4: 壹、一、3 排水復舊及臨時導排水工程 6 | C4: 1921 | D4: M3 | E4: 109/08/28 | F4: 一式 | G4: M3 | H4: 109/08/28 | J4: V=每批數量(M3) V≦50 取樣2(組) 50≦V<100 取樣3組 100≦V<200 取樣4(組) V>200 INT(V/100)+取樣3(組)。 | K4: 一式 | M4: 合格 | N4: 監造單位:李秉融 | O4: 贊洲:109.07.28棪嘉南(A2)監字第10907060號函廠商核定。 109.07.24 驗廠取樣。 109.08.14 315W廠拌。 109.08.28 80、245、280、350SCC廠拌)。 M38A2-J-a-C1-006。 | P4: 1100224
B5: 結構用混凝土，245kgf/cm2 | E5: 109/08/28 | H5: 一式 | K5: 一式 | N5: 施工廠商:柯志龍
A6: 2-1 | B6: 壹、一、3 排水復舊及臨時導排水工程 6 | C6: 1921 | D6: M3 | E6: 109/09/23 | F6: 88.5 | G6: M3 | H6: 109/09/23 | J6: V=每批數量(M3) V≦50 取樣2(組) 50≦V<100 取樣3組 100≦V<200 取樣4(組) V>200 INT(V/100)+取樣3(組)。 | K6: 88.5 | L6: M3 | M6: 合格 | N6: 監造單位:吳英傑 | O6: M38A2-J-a-C4A-001 官田系統4號高架橋施工便道
B7: 結構用混凝土，245kgf/cm2 | E7: 109/09/23 | H7: 3 | K7: =H7 -> 3 | L7: 組 | N7: 施工廠商:蘇俊男
A8: 2-2 | B8: 壹、一、3 排水復舊及臨時導排水工程 6 | C8: 1921 | D8: M3 | E8: 109/10/15 | F8: 40 | G8: M3 | H8: 109/10/15 | J8: V=每批數量(M3) V≦50 取樣2(組) 50≦V<100 取樣3組 100≦V<200 取樣4(組) V>200 INT(V/100)+取樣3(組)。 | K8: 128.5 | L8: M3 | M8: 合格 | N8: 監造單位:李秉融 | O8: M38A2-J-a-C4A-002 渡子頭二號橋便道
B9: 結構用混凝土，245kgf/cm2 | E9: 109/10/15 | H9: 2 | K9: =K7+H9 -> 5 | L9: 組 | N9: 施工廠商:柯志龍
A10: 2-3 | B10: 壹、一、3 排水復舊及臨時導排水工程 6 | C10: 1921 | D10: M3 | E10: 109/11/28 | F10: 40 | G10: M3 | H10: 109/11/28 | J10: V=每批數量(M3) V≦50 取樣2(組) 50≦V<100 取樣3組 100≦V<200 取樣4(組) V>200 INT(V/100)+取樣3(組)。 | K10: 168.5 | L10: M3 | M10: 合格 | N10: 監造單位:吳英傑 | O10: M38A2-J-a-C4A-049 官田系統4號高架橋施工便道
B11: 結構用混凝土，245kgf/cm2 | E11: 109/11/28 | H11: 2 | K11: =K9+H11 -> 7 | L11: 組 | N11: 施工廠商:蘇俊男
A12: 2-4 | B12: 壹、一、3 排水復舊及臨時導排水工程 6 | C12: 1921 | D12: M3 | E12: 109/11/30 | F12: 48 | G12: M3 | H12: 109/11/30 | J12: V=每批數量(M3) V≦50 取樣2(組) 50≦V<100 取樣3組 100≦V<200 取樣4(組) V>200 INT(V/100)+取樣3(組)。 | K12: 216.5 | L12: M3 | M12: 合格 | N12: 監造單位:吳英傑 | O12: M38A2-J-a-C4A-052 官田系統4號高架橋施工便道
B13: 結構用混凝土，245kgf/cm2 | E13: 109/11/30 | H13: 2 | K13: =K11+H13 -> 9 | L13: 組 | N13: 施工廠商:李秉融
A14: 2-5 | B14: 壹、一、3 排水復舊及臨時導排水工程 6 | C14: 1921 | D14: M3 | E14: 109/12/19 | F14: 41 | G14: M3 | H14: 109/12/19 | J14: V=每批數量(M3) V≦50 取樣2(組) 50≦V<100 取樣3組 100≦V<200 取樣4(組) V>200 INT(V/100)+取樣3(組)。 | K14: 257.5 | L14: M3 | M14: 合格 | N14: 監造單位:吳英傑 | O14: M38A2-J-a-C4A-079 官田溪河川橋P6及P5施工便道
B15: 結構用混凝土，245kgf/cm2 | E15: 109/12/19 | H15: 2 | K15: =K13+H15 -> 11 | L15: 組 | N15: 施工廠商:蘇俊男
A16: 2-6 | B16: 壹、一、3 排水復舊及臨時導排水工程 6 | C16: 1921 | D16: M3 | E16: 109/12/21 | F16: 76 | G16: M3 | H16: 109/12/21 | J16: V=每批數量(M3) V≦50 取樣2(組) 50≦V<100 取樣3組 100≦V<200 取樣4(組) V>200 INT(V/100)+取樣3(組)。 | K16: 333.5 | L16: M3 | M16: 合格 | N16: 監造單位:吳英傑 | O16: M38A2-J-a-C4A-081 官田溪河川橋P6及P5施工便道
B17: 結構用混凝土，245kgf/cm2 | E17: 109/12/21 | H17: 3 | K17: =K15+H17 -> 14 | L17: 組 | N17: 施工廠商:翁瑞祥
A18: 2-7 | B18: 壹、一、3 排水復舊及臨時導排水工程 6 | C18: 1921 | D18: M3 | E18: 109/12/23 | F18: 40 | G18: M3 | H18: 109/12/23 | J18: V=每批數量(M3) V≦50 取樣2(組) 50≦V<100 取樣3組 100≦V<200 取樣4(組) V>200 INT(V/100)+取樣3(組)。 | K18: 373.5 | L18: M3 | M18: 合格 | N18: 監造單位:吳英傑 | O18: M38A2-J-a-C4A-083 官田系統4號高架橋施工便道
B19: 結構用混凝土，245kgf/cm2 | E19: 109/12/23 | H19: 2 | K19: =K17+H19 -> 16 | L19: 組 | N19: 施工廠商:翁瑞祥
A20: 2-8 | B20: 壹、一、3 排水復舊及臨時導排水工程 6 | C20: 1921 | D20: M3 | E20: 109/12/24 | F20: 32 | G20: M3 | H20: 109/12/24 | J20: V=每批數量(M3) V≦50 取樣2(組) 50≦V<100 取樣3組 100≦V<200 取樣4(組) V>200 INT(V/100)+取樣3(組)。 | K20: 405.5 | L20: M3 | M20: 合格 | N20: 監造單位:林東新 | O20: M38A2-J-a-C4A-085 官田系統4號高架橋施工便道
B21: 結構用混凝土，245kgf/cm2 | E21: 109/12/24 | H21: 2 | K21: =K19+H21 -> 18 | L21: 組 | N21: 施工廠商:翁瑞祥
A22: 2-9 | B22: 壹、一、3 排水復舊及臨時導排水工程 6 | C22: 1921 | D22: M3 | E22: 109/12/25 | F22: 16 | G22: M3 | H22: 109/12/25 | J22: V=每批數量(M3) V≦50 取樣2(組) 50≦V<100 取樣3組 100≦V<200 取樣4(組) V>200 INT(V/100)+取樣3(組)。 | K22: 421.5 | L22: M3 | M22: 合格 | N22: 監造單位:李秉融 | O22: M38A2-J-a-C4A-089 官田系統4號高架橋施工便道
B23: 結構用混凝土，245kgf/cm2 | E23: 109/12/25 | H23: 2 | K23: =K21+H23 -> 20 | L23: 組 | N23: 施工廠商:林士興
A24: 2-10 | B24: 壹、一、3 排水復舊及臨時導排水工程 6 | C24: 1921 | D24: M3 | E24: 109/12/28 | F24: 48 | G24: M3 | H24: 109/12/28 | J24: V=每批數量(M3) V≦50 取樣2(組) 50≦V<100 取樣3組 100≦V<200 取樣4(組) V>200 INT(V/100)+取樣3(組)。 | K24: 469.5 | L24: M3 | M24: 合格 | N24: 監造單位:吳英傑 | O24: M38A2-J-a-C4A-092 官田系統4號高架橋施工便道
B25: 結構用混凝土，245kgf/cm2 | E25: 109/12/28 | H25: 2 | K25: =K23+H25 -> 22 | L25: 組 | N25: 施工廠商:林士興
A26: 2-11 | B26: 壹、一、3 排水復舊及臨時導排水工程 6 | C26: 1921 | D26: M3 | E26: 110/01/06 | F26: 24 | G26: M3 | H26: 110/01/06 | J26: V=每批數量(M3) V≦50 取樣2(組) 50≦V<100 取樣3組 100≦V<200 取樣4(組) V>200 INT(V/100)+取樣3(組)。 | K26: 493.5 | L26: M3 | M26: 合格 | N26: 監造單位:李秉融 | O26: M38A2-J-a-C4A-102 官田系統4號高架橋施工便道
B27: 結構用混凝土，245kgf/cm2 | E27: 110/01/06 | H27: 2 | K27: =K25+H27 -> 24 | L27: 組 | N27: 施工廠商:石錦茹
A28: 2-12 | B28: 壹、一、3 排水復舊及臨時導排水工程 6 | C28: 1921 | D28: M3 | E28: 110/02/09 | F28: 124 | G28: M3 | H28: 110/02/09 | J28: V=每批數量(M3) V≦50 取樣2(組) 50≦V<100 取樣3組 100≦V<200 取樣4(組) V>200 INT(V/100)+取樣3(組)。 | K28: 617.5 | L28: M3 | M28: 合格 | N28: 監造單位:吳英傑 | O28: M38A2-J-a-C4A-145 官田系統4號高架橋施工便道
B29: 結構用混凝土，245kgf/cm2 | E29: 110/02/09 | H29: 4 | K29: =K27+H29 -> 28 | L29: 組 | N29: 施工廠商:林士興
A30: 2-13 | B30: 壹、一、3 排水復舊及臨時導排水工程 6 | C30: 1921 | D30: M3 | E30: 110/03/13 | F30: 48 | G30: M3 | H30: 110/03/13 | J30: V=每批數量(M3) V≦50 取樣2(組) 50≦V<100 取樣3組 100≦V<200 取樣4(組) V>200 INT(V/100)+取樣3(組)。 | K30: =K28+F30 -> 665.5 | L30: M3 | M30: 合格 | N30: 監造單位:馮榮泉 | O30: M38A2-J-a-C4A-184 官田系統4號高架橋施工便道
B31: 結構用混凝土，245kgf/cm2 | E31: 110/03/13 | H31: 2 | K31: =K29+H31 -> 30 | L31: 組 | N31: 施工廠商:劉琮誠
A32: 2-14 | B32: 壹、一、3 排水復舊及臨時導排水工程 6 | C32: 1921 | D32: M3 | E32: 110/08/12 | F32: 56 | G32: M3 | H32: =E32 -> 110/08/12 | J32: V=每批數量(M3) V≦50 取樣2(組) 50≦V<100 取樣3組 100≦V<200 取樣4(組) V>200 INT(V/100)+取樣3(組)。 | K32: =K30+F32 -> 721.5 | L32: M3 | M32: 合格 | N32: 監造單位:吳英傑 | O32: M38A2-J-a-C4A-307 官田系統三號橋施工便道
B33: 結構用混凝土，245kgf/cm2 | E33: =E32 -> 110/08/12 | H33: 3 | K33: =K31+H33 -> 33 | L33: 組 | N33: 施工廠商:石錦茹
A34: 2-15 | B34: 壹、一、3 排水復舊及臨時導排水工程 6 | C34: 1921 | D34: M3 | E34: 110/09/13 | F34: 40 | G34: M3 | H34: =E34 -> 110/09/13 | J34: V=每批數量(M3) V≦50 取樣2(組) 50≦V<100 取樣3組 100≦V<200 取樣4(組) V>200 INT(V/100)+取樣3(組)。 | K34: =K32+F34 -> 761.5 | L34: M3 | M34: 合格 | N34: 監造單位:吳英傑 | O34: M38A2-J-a-C4A-336 官田系統一號橋施工便道
B35: 結構用混凝土，245kgf/cm2 | E35: =E34 -> 110/09/13 | H35: 2 | K35: =K33+H35 -> 35 | L35: 組 | N35: 施工廠商:石錦茹
A36: 2-16 | B36: 壹、一、3 排水復舊及臨時導排水工程 6 | C36: 1921 | D36: M3 | E36: 111/03/14 | F36: 20 | G36: M3 | H36: =E36 -> 111/03/14 | J36: V=每批數量(M3) V≦50 取樣2(組) 50≦V<100 取樣3組 100≦V<200 取樣4(組) V>200 INT(V/100)+取樣3(組)。 | K36: =K34+F36 -> 781.5 | L36: M3 | M36: 合格 | N36: 監造單位:李秉融 | O36: M38A2-J-a-C4A-402 官田溪河川橋P20L基礎PC
B37: 結構用混凝土，245kgf/cm2 | E37: =E36 -> 111/03/14 | H37: 2 | K37: =K35+H37 -> 37 | L37: 組 | N37: 施工廠商:周孝忠
A38: 2-17 | B38: 壹、一、3 排水復舊及臨時導排水工程 6 | C38: 1921 | D38: M3 | E38: 111/03/24 | F38: 14 | G38: M3 | H38: =E38 -> 111/03/24 | J38: V=每批數量(M3) V≦50 取樣2(組) 50≦V<100 取樣3組 100≦V<200 取樣4(組) V>200 INT(V/100)+取樣3(組)。 | K38: =K36+F38 -> 795.5 | L38: M3 | M38: 合格 | N38: 監造單位:吳英傑 | O38: M38A2-J-a-C4A-405 官田系統洗車台
B39: 結構用混凝土，245kgf/cm2 | E39: =E38 -> 111/03/24 | H39: 2 | K39: =K37+H39 -> 39 | L39: 組 | N39: 施工廠商:石錦茹
A40: 2-18 | B40: 壹、一、3 排水復舊及臨時導排水工程 6 | C40: 1921 | D40: M3 | E40: 111/04/01 | F40: 16 | G40: M3 | H40: =E40 -> 111/04/01 | J40: V=每批數量(M3) V≦50 取樣2(組) 50≦V<100 取樣3組 100≦V<200 取樣4(組) V>200 INT(V/100)+取樣3(組)。 | K40: =K38+F40 -> 811.5 | L40: M3 | M40: 合格 | N40: 監造單位:吳英傑 | O40: M38A2-J-a-C4A-411 官田系統一號橋施工便道
B41: 結構用混凝土，245kgf/cm2 | E41: =E40 -> 111/04/01 | H41: 2 | K41: =K39+H41 -> 41 | L41: 組 | N41: 施工廠商:石錦茹
A42: 2-19 | B42: 壹、一、3 排水復舊及臨時導排水工程 6 | C42: 1921 | D42: M3 | E42: 111/04/02 | F42: 80 | G42: M3 | H42: =E42 -> 111/04/02 | J42: V=每批數量(M3) V≦50 取樣2(組) 50≦V<100 取樣3組 100≦V<200 取樣4(組) V>200 INT(V/100)+取樣3(組)。 | K42: =K40+F42 -> 891.5 | L42: M3 | M42: 合格 | N42: 監造單位:黃麒源 | O42: M38A2-J-a-C4A-412 官田系統一號橋施工便道
B43: 結構用混凝土，245kgf/cm2 | E43: =E42 -> 111/04/02 | H43: 3 | K43: =K41+H43 -> 44 | L43: 組 | N43: 施工廠商:周孝忠
A44: 2-20 | B44: 壹、一、3 排水復舊及臨時導排水工程 6 | C44: 1921 | D44: M3 | E44: 111/04/06 | F44: 29 | G44: M3 | H44: =E44 -> 111/04/06 | J44: V=每批數量(M3) V≦50 取樣2(組) 50≦V<100 取樣3組 100≦V<200 取樣4(組) V>200 INT(V/100)+取樣3(組)。 | K44: =K42+F44 -> 920.5 | L44: M3 | M44: 合格 | N44: 監造單位:吳英傑 | O44: M38A2-J-a-C4A-413 官田系統一號橋施工便道
B45: 結構用混凝土，245kgf/cm2 | E45: =E44 -> 111/04/06 | H45: 2 | K45: =K43+H45 -> 46 | L45: 組 | N45: 施工廠商:石錦茹
A46: 2-21 | B46: 壹、一、3 排水復舊及臨時導排水工程 6 | C46: 1921 | D46: M3 | E46: 111/04/12 | F46: 45 | G46: M3 | H46: =E46 -> 111/04/12 | J46: V=每批數量(M3) V≦50 取樣2(組) 50≦V<100 取樣3組 100≦V<200 取樣4(組) V>200 INT(V/100)+取樣3(組)。 | K46: =K44+F46 -> 965.5 | L46: M3 | M46: 合格 | N46: 監造單位:吳英傑 | O46: M38A2-J-a-C4A-417 官田系統一號橋施工便道
B47: 結構用混凝土，245kgf/cm2 | E47: =E46 -> 111/04/12 | H47: 2 | K47: =K45+H47 -> 48 | L47: 組 | N47: 施工廠商:周孝忠
A48: 2-22 | B48: 壹、一、3 排水復舊及臨時導排水工程 6 | C48: 1921 | D48: M3 | E48: 111/04/13 | F48: 52.5 | G48: M3 | H48: =E48 -> 111/04/13 | J48: V=每批數量(M3) V≦50 取樣2(組) 50≦V<100 取樣3組 100≦V<200 取樣4(組) V>200 INT(V/100)+取樣3(組)。 | K48: =K46+F48 -> 1018 | L48: M3 | M48: 合格 | N48: 監造單位:吳英傑 | O48: M38A2-J-a-C4A-418 官田系統一號橋施工便道
B49: 結構用混凝土，245kgf/cm2 | E49: =E48 -> 111/04/13 | H49: 3 | K49: =K47+H49 -> 51 | L49: 組 | N49: 施工廠商:劉琮誠
A50: 2-23 | B50: 壹、一、3 排水復舊及臨時導排水工程 6 | C50: 1921 | D50: M3 | E50: 111/07/09 | F50: 147 | G50: M3 | H50: =E50 -> 111/07/09 | J50: V=每批數量(M3) V≦50 取樣2(組) 50≦V<100 取樣3組 100≦V<200 取樣4(組) V>200 INT(V/100)+取樣3(組)。 | K50: =K48+F50 -> 1165 | L50: M3 | M50: 合格 | N50: 監造單位:李秉融 | O50: M38A2-J-a-C4A-454 官田溪河川橋P4-P2施工便道
B51: 結構用混凝土，245kgf/cm2 | E51: =E50 -> 111/07/09 | H51: 3 | K51: =K49+H51 -> 54 | L51: 組 | N51: 施工廠商:陳建瑋
A52: 2-24 | B52: 壹、一、3 排水復舊及臨時導排水工程 6 | C52: 1921 | D52: M3 | E52: 111/07/19 | F52: 10 | G52: M3 | H52: =E52 -> 111/07/19 | J52: V=每批數量(M3) V≦50 取樣2(組) 50≦V<100 取樣3組 100≦V<200 取樣4(組) V>200 INT(V/100)+取樣3(組)。 | K52: =K50+F52 -> 1175 | L52: M3 | M52: 合格 | N52: 監造單位:吳英傑 | O52: M38A2-J-a-C4A-459 糖鐵四號穿越橋P2R西側瓦斯管線便道
B53: 結構用混凝土，245kgf/cm2 | E53: =E52 -> 111/07/19 | H53: 2 | K53: =K51+H53 -> 56 | L53: 組 | N53: 施工廠商:陳建瑋
A54: 2-25 | B54: 壹、一、3 排水復舊及臨時導排水工程 6 | C54: 1921 | D54: M3 | E54: 111/07/29 | F54: 24 | G54: M3 | H54: =E54 -> 111/07/29 | J54: V=每批數量(M3) V≦50 取樣2(組) 50≦V<100 取樣3組 100≦V<200 取樣4(組) V>200 INT(V/100)+取樣3(組)。 | K54: =K52+F54 -> 1199 | L54: M3 | M54: 合格 | N54: 監造單位:李秉融 | O54: M38A2-J-a-C4A-474 糖鐵四號穿越橋P2R側既有水溝復舊
B55: 結構用混凝土，245kgf/cm2 | E55: =E54 -> 111/07/29 | H55: 2 | K55: =K53+H55 -> 58 | L55: 組 | N55: 施工廠商:石錦茹
A56: 2-26 | B56: 壹、一、3 排水復舊及臨時導排水工程 6 | C56: 1921 | D56: M3 | E56: 111/08/08 | F56: 4.5 | G56: M3 | H56: =E56 -> 111/08/08 | J56: V=每批數量(M3) V≦50 取樣2(組) 50≦V<100 取樣3組 100≦V<200 取樣4(組) V>200 INT(V/100)+取樣3(組)。 | K56: =K54+F56 -> 1203.5 | L56: M3 | M56: 合格 | N56: 監造單位:李秉融 | O56: M38A2-J-a-C4A-476 官田溪河川橋P20水溝復舊打底
B57: 結構用混凝土，245kgf/cm2 | E57: =E56 -> 111/08/08 | H57: 2 | K57: =K55+H57 -> 60 | L57: 組 | N57: 施工廠商:陳建瑋
A58: 2-27 | B58: 壹、一、3 排水復舊及臨時導排水工程 6 | C58: 1921 | D58: M3 | E58: 111/08/10 | F58: 6 | G58: M3 | H58: =E58 -> 111/08/10 | J58: V=每批數量(M3) V≦50 取樣2(組) 50≦V<100 取樣3組 100≦V<200 取樣4(組) V>200 INT(V/100)+取樣3(組)。 | K58: =K56+F58 -> 1209.5 | L58: M3 | M58: 合格 | N58: 監造單位:李秉融 | O58: M38A2-J-a-C4A-477 官田溪河川橋P20水溝復舊牆身
B59: 結構用混凝土，245kgf/cm2 | E59: =E58 -> 111/08/10 | H59: 2 | K59: =K57+H59 -> 62 | L59: 組 | N59: 施工廠商:石錦茹
A60: 2-28 | B60: 壹、一、3 排水復舊及臨時導排水工程 6 | C60: 1921 | D60: M3 | E60: 111/09/02 | F60: 10.5 | G60: M3 | H60: =E60 -> 111/09/02 | J60: V=每批數量(M3) V≦50 取樣2(組) 50≦V<100 取樣3組 100≦V<200 取樣4(組) V>200 INT(V/100)+取樣3(組)。 | K60: =K58+F60 -> 1220 | L60: M3 | M60: 合格 | N60: 監造單位:吳英傑 | O60: M38A2-J-a-C4A-489 官田溪河川橋P20農路施工便道
B61: 結構用混凝土，245kgf/cm2 | E61: =E60 -> 111/09/02 | H61: 2 | K61: =K59+H61 -> 64 | L61: 組 | N61: 施工廠商:石錦茹
A62: 2-29 | B62: 壹、一、3 排水復舊及臨時導排水工程 6 | C62: 1921 | D62: M3 | E62: 111/11/03 | F62: 7 | G62: M3 | H62: =E62 -> 111/11/03 | J62: V=每批數量(M3) V≦50 取樣2(組) 50≦V<100 取樣3組 100≦V<200 取樣4(組) V>200 INT(V/100)+取樣3(組)。 | K62: =K60+F62 -> 1227 | L62: M3 | M62: 合格 | N62: 監造單位:吳英傑 | O62: M38A2-J-a-C4A-539 官田溪河川橋L水溝復舊底版
B63: 結構用混凝土，245kgf/cm2 | E63: =E62 -> 111/11/03 | K63: =K61+H63 -> 64 | L63: 組 | N63: 施工廠商:石錦茹
A64: 2-30 | B64: 壹、一、3 排水復舊及臨時導排水工程 6 | C64: 1921 | D64: M3 | E64: 111/11/07 | F64: 10 | G64: M3 | H64: =E64 -> 111/11/07 | J64: V=每批數量(M3) V≦50 取樣2(組) 50≦V<100 取樣3組 100≦V<200 取樣4(組) V>200 INT(V/100)+取樣3(組)。 | K64: =K62+F64 -> 1237 | L64: M3 | M64: 合格 | N64: 監造單位:吳英傑 | O64: M38A2-J-a-C4A-544 官田溪河川橋P1L水溝復舊牆身
B65: 結構用混凝土，245kgf/cm2 | E65: =E64 -> 111/11/07 | K65: =K63+H65 -> 64 | L65: 組 | N65: 施工廠商:石錦茹
A66: 2-31 | B66: 壹、一、3 排水復舊及臨時導排水工程 6 | C66: 1921 | D66: M3 | E66: 111/11/08 | F66: 3 | G66: M3 | H66: =E66 -> 111/11/08 | J66: V=每批數量(M3) V≦50 取樣2(組) 50≦V<100 取樣3組 100≦V<200 取樣4(組) V>200 INT(V/100)+取樣3(組)。 | K66: =K64+F66 -> 1240 | L66: M3 | M66: 合格 | N66: 監造單位:吳英傑 | O66: M38A2-J-a-C4A-548 官田溪河川橋P20R水溝復舊底版
B67: 結構用混凝土，245kgf/cm2 | E67: =E66 -> 111/11/08 | K67: =K65+H67 -> 64 | L67: 組 | N67: 施工廠商:石錦茹
A68: 2-32 | B68: 壹、一、3 排水復舊及臨時導排水工程 6 | C68: 1921 | D68: M3 | E68: 111/11/09 | F68: 3.5 | G68: M3 | H68: =E68 -> 111/11/09 | J68: V=每批數量(M3) V≦50 取樣2(組) 50≦V<100 取樣3組 100≦V<200 取樣4(組) V>200 INT(V/100)+取樣3(組)。 | K68: =K66+F68 -> 1243.5 | L68: M3 | M68: 合格 | N68: 監造單位:吳英傑 | O68: M38A2-J-a-C4A-549 官田溪河川橋P20R水溝復舊牆身
B69: 結構用混凝土，245kgf/cm2 | E69: =E68 -> 111/11/09 | K69: =K67+H69 -> 64 | L69: 組 | N69: 施工廠商:石錦茹
A70: 2-33 | B70: 壹、一、3 排水復舊及臨時導排水工程 6 | C70: 1921 | D70: M3 | E70: 111/11/28 | F70: 24 | G70: M3 | H70: =E70 -> 111/11/28 | J70: V=每批數量(M3) V≦50 取樣2(組) 50≦V<100 取樣3組 100≦V<200 取樣4(組) V>200 INT(V/100)+取樣3(組)。 | K70: =K68+F70 -> 1267.5 | L70: M3 | M70: 合格 | N70: 監造單位:吳英傑 | O70: M38A2-J-a-C4A-558 官田一號高架橋P8E施工便道
B71: 結構用混凝土，245kgf/cm2 | E71: =E70 -> 111/11/28 | H71: 2 | K71: =K69+H71 -> 66 | L71: 組 | N71: 施工廠商:石錦茹
A72: 2-34 | B72: 壹、一、3 排水復舊及臨時導排水工程 6 | C72: 1921 | D72: M3 | E72: 111/11/30 | F72: 24 | G72: M3 | H72: =E72 -> 111/11/30 | J72: V=每批數量(M3) V≦50 取樣2(組) 50≦V<100 取樣3組 100≦V<200 取樣4(組) V>200 INT(V/100)+取樣3(組)。 | K72: =K70+F72 -> 1291.5 | L72: M3 | M72: 合格 | N72: 監造單位:吳英傑 | O72: M38A2-J-a-C4A-562 官田一號高架橋P8E施工便道
B73: 結構用混凝土，245kgf/cm2 | E73: =E72 -> 111/11/30 | K73: =K71+H73 -> 66 | L73: 組 | N73: 施工廠商:石錦茹
A74: 2-35 | B74: 壹、一、3 排水復舊及臨時導排水工程 6 | C74: 1921 | D74: M3 | E74: 111/12/08 | F74: 15 | G74: M3 | H74: =E74 -> 111/12/08 | J74: V=每批數量(M3) V≦50 取樣2(組) 50≦V<100 取樣3組 100≦V<200 取樣4(組) V>200 INT(V/100)+取樣3(組)。 | K74: =K72+F74 -> 1306.5 | L74: M3 | M74: 合格 | N74: 監造單位:吳英傑 | O74: M38A2-J-a-C4A-569 官田溪河川橋P5R-P8R水溝底
B75: 結構用混凝土，245kgf/cm2 | E75: =E74 -> 111/12/08 | K75: =K73+H75 -> 66 | L75: 組 | N75: 施工廠商:石錦茹
A76: 2-36 | B76: 壹、一、3 排水復舊及臨時導排水工程 6 | C76: 1921 | D76: M3 | E76: 111/12/10 | F76: 9 | G76: M3 | H76: =E76 -> 111/12/10 | J76: V=每批數量(M3) V≦50 取樣2(組) 50≦V<100 取樣3組 100≦V<200 取樣4(組) V>200 INT(V/100)+取樣3(組)。 | K76: =K74+F76 -> 1315.5 | L76: M3 | M76: 合格 | N76: 監造單位:吳英傑 | O76: M38A2-J-a-C4A-570 官田溪河川橋P5R-P8R水溝牆身
B77: 結構用混凝土，245kgf/cm2 | E77: =E76 -> 111/12/10 | K77: =K75+H77 -> 66 | L77: 組 | N77: 施工廠商:石錦茹
A78: 2-37 | B78: 壹、一、3 排水復舊及臨時導排水工程 6 | C78: 1921 | D78: M3 | E78: 111/12/13 | F78: 8.5 | G78: M3 | H78: =E78 -> 111/12/13 | J78: V=每批數量(M3) V≦50 取樣2(組) 50≦V<100 取樣3組 100≦V<200 取樣4(組) V>200 INT(V/100)+取樣3(組)。 | K78: =K76+F78 -> 1324 | L78: M3 | M78: 合格 | N78: 監造單位:吳英傑 | O78: M38A2-J-a-C4A-574 官田溪河川橋P5R-P8R水溝牆身
B79: 結構用混凝土，245kgf/cm2 | E79: =E78 -> 111/12/13 | K79: =K77+H79 -> 66 | L79: 組 | N79: 施工廠商:石錦茹
A80: 2-38 | B80: 壹、一、3 排水復舊及臨時導排水工程 6 | C80: 1921 | D80: M3 | E80: 111/12/16 | F80: 8.5 | G80: M3 | H80: =E80 -> 111/12/16 | J80: V=每批數量(M3) V≦50 取樣2(組) 50≦V<100 取樣3組 100≦V<200 取樣4(組) V>200 INT(V/100)+取樣3(組)。 | K80: =K78+F80 -> 1332.5 | L80: M3 | M80: 合格 | N80: 監造單位:吳英傑 | O80: M38A2-J-a-C4A-579 官田溪河川橋P5R-P8R水溝牆身
B81: 結構用混凝土，245kgf/cm2 | E81: =E80 -> 111/12/16 | K81: =K79+H81 -> 66 | L81: 組 | N81: 施工廠商:石錦茹
A82: 2-39 | B82: 壹、一、3 排水復舊及臨時導排水工程 6 | C82: 1921 | D82: M3 | E82: 111/12/20 | F82: 3.5 | G82: M3 | H82: =E82 -> 111/12/20 | J82: V=每批數量(M3) V≦50 取樣2(組) 50≦V<100 取樣3組 100≦V<200 取樣4(組) V>200 INT(V/100)+取樣3(組)。 | K82: =K80+F82 -> 1336 | L82: M3 | M82: 合格 | N82: 監造單位:吳英傑 | O82: M38A2-J-a-C4A-585 官田溪河川橋P5R-P8R水溝牆身
B83: 結構用混凝土，245kgf/cm2 | E83: =E82 -> 111/12/20 | H83: 2 | K83: =K81+H83 -> 68 | L83: 組 | N83: 施工廠商:石錦茹
A84: 2-40 | B84: 壹、一、3 排水復舊及臨時導排水工程 6 | C84: 1921 | D84: M3 | E84: 111/12/23 | F84: 2.5 | G84: M3 | H84: =E84 -> 111/12/23 | J84: V=每批數量(M3) V≦50 取樣2(組) 50≦V<100 取樣3組 100≦V<200 取樣4(組) V>200 INT(V/100)+取樣3(組)。 | K84: =K82+F84 -> 1338.5 | L84: M3 | M84: 合格 | N84: 監造單位:吳英傑 | O84: M38A2-J-a-C4A-591 南117穿越橋P1水溝底
B85: 結構用混凝土，245kgf/cm2 | E85: =E84 -> 111/12/23 | K85: =K83+H85 -> 68 | L85: 組 | N85: 施工廠商:石錦茹
A86: 2-41 | B86: 壹、一、3 排水復舊及臨時導排水工程 6 | C86: 1921 | D86: M3 | E86: 111/12/23 | F86: 3.5 | G86: M3 | H86: =E86 -> 111/12/23 | J86: V=每批數量(M3) V≦50 取樣2(組) 50≦V<100 取樣3組 100≦V<200 取樣4(組) V>200 INT(V/100)+取樣3(組)。 | K86: =K84+F86 -> 1342 | L86: M3 | M86: 合格 | N86: 監造單位:吳英傑 | O86: M38A2-J-a-C4A-592 南117穿越橋P2水溝底
B87: 結構用混凝土，245kgf/cm2 | E87: =E86 -> 111/12/23 | K87: =K85+H87 -> 68 | L87: 組 | N87: 施工廠商:石錦茹
A88: 2-42 | B88: 壹、一、3 排水復舊及臨時導排水工程 6 | C88: 1921 | D88: M3 | E88: 111/12/26 | F88: 4 | G88: M3 | H88: =E88 -> 111/12/26 | J88: V=每批數量(M3) V≦50 取樣2(組) 50≦V<100 取樣3組 100≦V<200 取樣4(組) V>200 INT(V/100)+取樣3(組)。 | K88: =K86+F88 -> 1346 | L88: M3 | M88: 合格 | N88: 監造單位:吳英傑 | O88: M38A2-J-a-C4A-595 南117穿越橋P1水溝牆身
B89: 結構用混凝土，245kgf/cm2 | E89: =E88 -> 111/12/26 | K89: =K87+H89 -> 68 | L89: 組 | N89: 施工廠商:石錦茹
A90: 2-43 | B90: 壹、一、3 排水復舊及臨時導排水工程 6 | C90: 1921 | D90: M3 | E90: 111/12/26 | F90: 5.5 | G90: M3 | H90: =E90 -> 111/12/26 | J90: V=每批數量(M3) V≦50 取樣2(組) 50≦V<100 取樣3組 100≦V<200 取樣4(組) V>200 INT(V/100)+取樣3(組)。 | K90: =K88+F90 -> 1351.5 | L90: M3 | M90: 合格 | N90: 監造單位:吳英傑 | O90: M38A2-J-a-C4A-596 南117穿越橋P2水溝牆身
B91: 結構用混凝土，245kgf/cm2 | E91: =E90 -> 111/12/26 | K91: =K89+H91 -> 68 | L91: 組 | N91: 施工廠商:石錦茹
A92: 2-44 | B92: 壹、一、3 排水復舊及臨時導排水工程 6 | C92: 1921 | D92: M3 | E92: 111/12/31 | F92: 29.5 | G92: M3 | H92: =E92 -> 111/12/31 | J92: V=每批數量(M3) V≦50 取樣2(組) 50≦V<100 取樣3組 100≦V<200 取樣4(組) V>200 INT(V/100)+取樣3(組)。 | K92: =K90+F92 -> 1381 | L92: M3 | M92: 合格 | N92: 監造單位:吳英傑 | O92: M38A2-J-a-C4A-605 官田溪河川橋P5L-P8L水溝底
B93: 結構用混凝土，245kgf/cm2 | E93: =E92 -> 111/12/31 | K93: =K91+H93 -> 68 | L93: 組 | N93: 施工廠商:石錦茹
A94: 2-45 | B94: 壹、一、3 排水復舊及臨時導排水工程 6 | C94: 1921 | D94: M3 | E94: 112/1/2 | F94: 21 | G94: M3 | H94: =E94 -> 112/1/2 | J94: V=每批數量(M3) V≦50 取樣2(組) 50≦V<100 取樣3組 100≦V<200 取樣4(組) V>200 INT(V/100)+取樣3(組)。 | K94: =K92+F94 -> 1402 | L94: M3 | M94: 合格 | N94: 監造單位:吳英傑 | O94: M38A2-J-a-C4A-606 糖鐵二號穿越橋P2RL基礎PC
B95: 結構用混凝土，245kgf/cm2 | E95: =E94 -> 112/1/2 | H95: 2 | K95: =K93+H95 -> 70 | L95: 組 | N95: 施工廠商:陳建瑋
A96: 2-46 | B96: 壹、一、3 排水復舊及臨時導排水工程 6 | C96: 1921 | D96: M3 | E96: 112/1/3 | F96: 8 | G96: M3 | H96: =E96 -> 112/1/3 | J96: V=每批數量(M3) V≦50 取樣2(組) 50≦V<100 取樣3組 100≦V<200 取樣4(組) V>200 INT(V/100)+取樣3(組)。 | K96: =K94+F96 -> 1410 | L96: M3 | M96: 合格 | N96: 監造單位:吳英傑 | O96: M38A2-J-a-C4A-608 官田溪河川橋P5L-P8L水溝牆身
B97: 結構用混凝土，245kgf/cm2 | E97: =E96 -> 112/1/3 | K97: =K95+H97 -> 70 | L97: 組 | N97: 施工廠商:石錦茹
A98: 2-47 | B98: 壹、一、3 排水復舊及臨時導排水工程 6 | C98: 1921 | D98: M3 | E98: 112/1/3 | F98: 17 | G98: M3 | H98: =E98 -> 112/1/3 | J98: V=每批數量(M3) V≦50 取樣2(組) 50≦V<100 取樣3組 100≦V<200 取樣4(組) V>200 INT(V/100)+取樣3(組)。 | K98: =K96+F98 -> 1427 | L98: M3 | M98: 合格 | N98: 監造單位:吳英傑 | O98: M38A2-J-a-C4A-609 南117穿越橋P1.P2串方塊PC
B99: 結構用混凝土，245kgf/cm2 | E99: =E98 -> 112/1/3 | H99: 2 | K99: =K97+H99 -> 72 | L99: 組 | N99: 施工廠商:石錦茹
A100: 2-48 | B100: 壹、一、3 排水復舊及臨時導排水工程 6 | C100: 1921 | D100: M3 | E100: 112/1/4 | F100: 10 | G100: M3 | H100: =E100 -> 112/1/4 | J100: V=每批數量(M3) V≦50 取樣2(組) 50≦V<100 取樣3組 100≦V<200 取樣4(組) V>200 INT(V/100)+取樣3(組)。 | K100: =K98+F100 -> 1437 | L100: M3 | M100: 合格 | N100: 監造單位:李秉融 | O100: M38A2-J-a-C4A-612 南117穿越橋P1.P2串方塊地梁
...

Sheet 混凝土 245KGF CM3 竑榮官田廠
A1: 國道高速公路後續路段橋梁耐震補強工程(區段2-1)第M38A2標-烏山頭新化段 材料設備檢(試)驗管制總表 製表資料日期:110/02/18止
A2: 項次 | B2: 契約詳細表項次 | C2: 契約數量 | E2: 預定進場日期 | F2: 進場數量 | H2: 抽樣日期 | J2: 規定抽(取)樣頻率 | K2: 累積進場數量 | M2: 抽試驗結果 | N2: 抽驗及會同人員 | O2: 備註
B3: 材料(設備)名稱 | E3: 實際進場日期 | H3: 抽樣數量 | K3: 累積抽樣數量 | O3: (歸檔編號)
A4: 2 | B4: 壹、一、3 排水復舊及臨時導排水工程 6 | C4: 1921 | D4: M3 | E4: 109/08/28 | F4: 一式 | G4: M3 | H4: 109/08/28 | J4: V=每批數量(M3) V≦50 取樣2(組) 50≦V<100 取樣3組 100≦V<200 取樣4(組) V>200 INT(V/100)+取樣3(組)。 | K4: 一式 | M4: 合格 | N4: 監造單位:李秉融 | O4: 竑榮官田廠:109.08.14棪嘉南(A2)監字第10908022號函廠商核定。 109.08.25驗廠取樣)。 109.10.06 80、175、245、280、315W廠拌。M38A2-J-a-C1-009
B5: 結構用混凝土，245kgf/cm2 | E5: 109/08/28 | H5: 一式 | K5: 一式 | N5: 施工廠商:柯志龍
A6: 2 | B6: 壹、一、3 排水復舊及臨時導排水工程 6 | C6: 1921 | D6: M3 | E6: 109/08/28 | F6: 一式 | G6: M3 | H6: 109/08/28 | J6: V=每批數量(M3) V≦50 取樣2(組) 50≦V<100 取樣3組 100≦V<200 取樣4(組) V>200 INT(V/100)+取樣3(組)。 | K6: 一式 | M6: 合格 | N6: 監造單位:李秉融 | O6: 竑榮安定廠:109.08.14棪嘉南(A2)監字第10908023號函廠商核定。 109.08.31驗廠取樣。 109.10.07 80、175、245、280廠拌。 M38A2-J-a-C1-010
B7: 結構用混凝土，245kgf/cm2 | E7: 109/08/28 | H7: 一式 | K7: 一式 | N7: 施工廠商:柯志龍
A8: 2-1 | B8: 壹、一、3 排水復舊及臨時導排水工程 6 | C8: 1921 | D8: M3 | E8: 109/12/17 | F8: 23 | G8: M3 | H8: 109/12/17 | J8: V=每批數量(M3) V≦50 取樣2(組) 50≦V<100 取樣3組 100≦V<200 取樣4(組) V>200 INT(V/100)+取樣3(組)。 | K8: 23 | L8: M3 | M8: 合格 | N8: 監造單位:林東新 | O8: M38A2-J-a-C4B-015 潭頂溪排水橋洗車台及施工便道
B9: 結構用混凝土，245kgf/cm2 | E9: 109/12/17 | H9: 2 | I9: 組 | K9: 2 | L9: 組 | N9: 施工廠商:翁瑞祥
A10: 2-2 | B10: 壹、一、3 排水復舊及臨時導排水工程 6 | C10: 1921 | D10: M3 | E10: 110/06/08 | F10: 4 | G10: M3 | H10: 110/06/08 | J10: V=每批數量(M3) V≦50 取樣2(組) 50≦V<100 取樣3組 100≦V<200 取樣4(組) V>200 INT(V/100)+取樣3(組)。 | K10: =K8+F10 -> 27 | L10: M3 | M10: 合格 | N10: 監造單位:吳英傑 | O10: M38A2-J-a-C4B-134 曾文溪河川橋人員休息區地坪(P12L旁)
B11: 結構用混凝土，245kgf/cm2 | E11: 110/06/08 | H11: 2 | I11: 組 | K11: =K9+H11 -> 4 | L11: 組 | N11: 施工廠商:石錦茹
A12: 2-3 | B12: 壹、一、3 排水復舊及臨時導排水工程 6 | C12: 1921 | D12: M3 | E12: 110/09/10 | F12: 73.5 | G12: M3 | H12: =E12 -> 110/09/10 | J12: V=每批數量(M3) V≦50 取樣2(組) 50≦V<100 取樣3組 100≦V<200 取樣4(組) V>200 INT(V/100)+取樣3(組)。 | K12: =K10+F12 -> 100.5 | L12: M3 | M12: 合格 | N12: 監造單位:李之杰 | O12: M38A2-J-a-C4B-173 官田系統南下側交維系統施工便道及官田系統一號高架橋施工便道
B13: 結構用混凝土，245kgf/cm2 | E13: =E12 -> 110/09/10 | H13: 3 | I13: 組 | K13: =K11+H13 -> 7 | L13: 組 | N13: 施工廠商:周孝忠
A14: 2-4 | B14: 壹、一、3 排水復舊及臨時導排水工程 6 | C14: 1921 | D14: M3 | E14: 110/11/23 | F14: 64 | G14: M3 | H14: =E14 -> 110/11/23 | J14: V=每批數量(M3) V≦50 取樣2(組) 50≦V<100 取樣3組 100≦V<200 取樣4(組) V>200 INT(V/100)+取樣3(組)。 | K14: =K12+F14 -> 164.5 | L14: M3 | M14: 合格 | N14: 監造單位:李之杰 | O14: M38A2-J-a-C4B-183 官田系統主線便道
B15: 結構用混凝土，245kgf/cm2 | E15: =E14 -> 110/11/23 | H15: 3 | I15: 組 | K15: =K13+H15 -> 10 | L15: 組 | N15: 施工廠商:石錦茹
A16: 2-5 | B16: 壹、一、3 排水復舊及臨時導排水工程 6 | C16: 1921 | D16: M3 | E16: 110/11/24 | F16: 16 | G16: M3 | H16: =E16 -> 110/11/24 | J16: V=每批數量(M3) V≦50 取樣2(組) 50≦V<100 取樣3組 100≦V<200 取樣4(組) V>200 INT(V/100)+取樣3(組)。 | K16: =K14+F16 -> 180.5 | L16: M3 | M16: 合格 | N16: 監造單位:吳英傑 | O16: M38A2-J-a-C4B-184 官田系統主線便道
B17: 結構用混凝土，245kgf/cm2 | E17: =E16 -> 110/11/24 | H17: 2 | I17: 組 | K17: =K15+H17 -> 12 | L17: 組 | N17: 施工廠商:石錦茹
A18: 2-6 | B18: 壹、一、3 排水復舊及臨時導排水工程 6 | C18: 1921 | D18: M3 | E18: 111/02/17 | F18: 107 | G18: M3 | H18: =E18 -> 111/02/17 | J18: V=每批數量(M3) V≦50 取樣2(組) 50≦V<100 取樣3組 100≦V<200 取樣4(組) V>200 INT(V/100)+取樣3(組)。 | K18: =K16+F18 -> 287.5 | L18: M3 | M18: 合格 | N18: 監造單位:吳英傑 | O18: M38A2-J-a-C4B-302 曾文溪橋10噸鼎塊01~24
B19: 結構用混凝土，245kgf/cm2 | E19: =E18 -> 111/02/17 | H19: 4 | I19: 組 | K19: =K17+H19 -> 16 | L19: 組 | N19: 施工廠商:石錦茹
A20: 2-7 | B20: 壹、一、3 排水復舊及臨時導排水工程 6 | C20: 1921 | D20: M3 | E20: 111/02/19 | F20: 107 | G20: M3 | H20: =E20 -> 111/02/19 | J20: V=每批數量(M3) V≦50 取樣2(組) 50≦V<100 取樣3組 100≦V<200 取樣4(組) V>200 INT(V/100)+取樣3(組)。 | K20: =K18+F20 -> 394.5 | L20: M3 | M20: 合格 | N20: 監造單位:吳英傑 | O20: M38A2-J-a-C4B-303 曾文溪橋10噸鼎塊25~48
B21: 結構用混凝土，245kgf/cm2 | E21: =E20 -> 111/02/19 | H21: 4 | I21: 組 | K21: =K19+H21 -> 20 | L21: 組 | N21: 施工廠商:石錦茹
A22: 2-8 | B22: 壹、一、3 排水復舊及臨時導排水工程 6 | C22: 1921 | D22: M3 | E22: 111/02/22 | F22: 46 | G22: M3 | H22: =E22 -> 111/02/22 | J22: V=每批數量(M3) V≦50 取樣2(組) 50≦V<100 取樣3組 100≦V<200 取樣4(組) V>200 INT(V/100)+取樣3(組)。 | K22: =K20+F22 -> 440.5 | L22: M3 | M22: 合格 | N22: 監造單位:吳英傑 | O22: M38A2-J-a-C4B-311 171甲穿越橋P2RL基礎PC
B23: 結構用混凝土，245kgf/cm2 | E23: =E22 -> 111/02/22 | H23: 2 | I23: 組 | K23: =K21+H23 -> 22 | L23: 組 | N23: 施工廠商:石錦茹
A24: 2-9 | B24: 壹、一、3 排水復舊及臨時導排水工程 6 | C24: 1921 | D24: M3 | E24: 111/02/23 | F24: 107 | G24: M3 | H24: =E24 -> 111/02/23 | J24: V=每批數量(M3) V≦50 取樣2(組) 50≦V<100 取樣3組 100≦V<200 取樣4(組) V>200 INT(V/100)+取樣3(組)。 | K24: =K22+F24 -> 547.5 | L24: M3 | M24: 合格 | N24: 監造單位:李秉融 | O24: M38A2-J-a-C4B-312 曾文溪橋10噸鼎塊49~72
B25: 結構用混凝土，245kgf/cm2 | E25: =E24 -> 111/02/23 | H25: 4 | I25: 組 | K25: =K23+H25 -> 26 | L25: 組 | N25: 施工廠商:劉琮誠
A26: 2-10 | B26: 壹、一、3 排水復舊及臨時導排水工程 6 | C26: 1921 | D26: M3 | E26: 111/02/24 | F26: 107 | G26: M3 | H26: =E26 -> 111/02/24 | J26: V=每批數量(M3) V≦50 取樣2(組) 50≦V<100 取樣3組 100≦V<200 取樣4(組) V>200 INT(V/100)+取樣3(組)。 | K26: =K24+F26 -> 654.5 | L26: M3 | M26: 合格 | N26: 監造單位:吳英傑 | O26: M38A2-J-a-C4B-314 曾文溪橋10噸鼎塊73-96
B27: 結構用混凝土，245kgf/cm2 | E27: =E26 -> 111/02/24 | H27: 4 | I27: 組 | K27: =K25+H27 -> 30 | L27: 組 | N27: 施工廠商:石錦茹
A28: 2-11 | B28: 壹、一、3 排水復舊及臨時導排水工程 6 | C28: 1921 | D28: M3 | E28: 111/02/25 | F28: 107 | G28: M3 | H28: =E28 -> 111/02/25 | J28: V=每批數量(M3) V≦50 取樣2(組) 50≦V<100 取樣3組 100≦V<200 取樣4(組) V>200 INT(V/100)+取樣3(組)。 | K28: =K26+F28 -> 761.5 | L28: M3 | M28: 合格 | N28: 監造單位:吳英傑 | O28: M38A2-J-a-C4B-315 曾文溪橋10噸鼎塊97-120
B29: 結構用混凝土，245kgf/cm2 | E29: =E28 -> 111/02/25 | H29: 4 | I29: 組 | K29: =K27+H29 -> 34 | L29: 組 | N29: 施工廠商:石錦茹
A30: 2-12 | B30: 壹、一、3 排水復舊及臨時導排水工程 6 | C30: 1921 | D30: M3 | E30: 111/02/26 | F30: 107 | G30: M3 | H30: =E30 -> 111/02/26 | J30: V=每批數量(M3) V≦50 取樣2(組) 50≦V<100 取樣3組 100≦V<200 取樣4(組) V>200 INT(V/100)+取樣3(組)。 | K30: =K28+F30 -> 868.5 | L30: M3 | M30: 合格 | N30: 監造單位:李秉融 | O30: M38A2-J-a-C4B-322 曾文溪橋10噸鼎塊121-144
B31: 結構用混凝土，245kgf/cm2 | E31: =E30 -> 111/02/26 | H31: 4 | I31: 組 | K31: =K29+H31 -> 38 | L31: 組 | N31: 施工廠商:劉琮誠
A32: 2-13 | B32: 壹、一、3 排水復舊及臨時導排水工程 6 | C32: 1921 | D32: M3 | E32: 111/03/01 | F32: 107 | G32: M3 | H32: =E32 -> 111/03/01 | J32: V=每批數量(M3) V≦50 取樣2(組) 50≦V<100 取樣3組 100≦V<200 取樣4(組) V>200 INT(V/100)+取樣3(組)。 | K32: =K30+F32 -> 975.5 | L32: M3 | M32: 合格 | N32: 監造單位:吳英傑 | O32: M38A2-J-a-C4B-324 曾文溪橋10噸鼎塊145-168
B33: 結構用混凝土，245kgf/cm2 | E33: =E32 -> 111/03/01 | H33: 4 | I33: 組 | K33: =K31+H33 -> 42 | L33: 組 | N33: 施工廠商:石錦茹
A34: 2-14 | B34: 壹、一、3 排水復舊及臨時導排水工程 6 | C34: 1921 | D34: M3 | E34: 111/03/02 | F34: 107 | G34: M3 | H34: =E34 -> 111/03/02 | J34: V=每批數量(M3) V≦50 取樣2(組) 50≦V<100 取樣3組 100≦V<200 取樣4(組) V>200 INT(V/100)+取樣3(組)。 | K34: =K32+F34 -> 1082.5 | L34: M3 | M34: 合格 | N34: 監造單位:吳英傑 | O34: M38A2-J-a-C4B-331 曾文溪橋10噸鼎塊169-192
B35: 結構用混凝土，245kgf/cm2 | E35: =E34 -> 111/03/02 | H35: 4 | I35: 組 | K35: =K33+H35 -> 46 | L35: 組 | N35: 施工廠商:石錦茹
A36: 2-15 | B36: 壹、一、3 排水復舊及臨時導排水工程 6 | C36: 1921 | D36: M3 | E36: 111/03/02 | F36: 7 | G36: M3 | H36: =E36 -> 111/03/02 | J36: V=每批數量(M3) V≦50 取樣2(組) 50≦V<100 取樣3組 100≦V<200 取樣4(組) V>200 INT(V/100)+取樣3(組)。 | K36: =K34+F36 -> 1089.5 | L36: M3 | M36: 合格 | N36: 監造單位:吳英傑 | O36: M38A2-J-a-C4B-332 南117穿越橋P2L基礎PC
B37: 結構用混凝土，245kgf/cm2 | E37: =E36 -> 111/03/02 | H37: 2 | I37: 組 | K37: =K35+H37 -> 48 | L37: 組 | N37: 施工廠商:石錦茹
A38: 2-16 | B38: 壹、一、3 排水復舊及臨時導排水工程 6 | C38: 1921 | D38: M3 | E38: 111/03/03 | F38: 107 | G38: M3 | H38: =E38 -> 111/03/03 | J38: V=每批數量(M3) V≦50 取樣2(組) 50≦V<100 取樣3組 100≦V<200 取樣4(組) V>200 INT(V/100)+取樣3(組)。 | K38: =K36+F38 -> 1196.5 | L38: M3 | M38: 合格 | N38: 監造單位:李秉融 | O38: M38A2-J-a-C4B-333 曾文溪橋10噸鼎塊193-216
B39: 結構用混凝土，245kgf/cm2 | E39: =E38 -> 111/03/03 | H39: 4 | I39: 組 | K39: =K37+H39 -> 52 | L39: 組 | N39: 施工廠商:劉琮誠
A40: 2-17 | B40: 壹、一、3 排水復舊及臨時導排水工程 6 | C40: 1921 | D40: M3 | E40: 111/03/04 | F40: 107 | G40: M3 | H40: =E40 -> 111/03/04 | J40: V=每批數量(M3) V≦50 取樣2(組) 50≦V<100 取樣3組 100≦V<200 取樣4(組) V>200 INT(V/100)+取樣3(組)。 | K40: =K38+F40 -> 1303.5 | L40: M3 | M40: 合格 | N40: 監造單位:李秉融 | O40: M38A2-J-a-C4B-334 曾文溪橋10噸鼎塊217-240
B41: 結構用混凝土，245kgf/cm2 | E41: =E40 -> 111/03/04 | H41: 4 | I41: 組 | K41: =K39+H41 -> 56 | L41: 組 | N41: 施工廠商:劉琮誠
A42: 2-18 | B42: 壹、一、3 排水復舊及臨時導排水工程 6 | C42: 1921 | D42: M3 | E42: 111/03/05 | F42: 107 | G42: M3 | H42: =E42 -> 111/03/05 | J42: V=每批數量(M3) V≦50 取樣2(組) 50≦V<100 取樣3組 100≦V<200 取樣4(組) V>200 INT(V/100)+取樣3(組)。 | K42: =K40+F42 -> 1410.5 | L42: M3 | M42: 合格 | N42: 監造單位:李秉融 | O42: M38A2-J-a-C4B-335 曾文溪橋10噸鼎塊241-264
B43: 結構用混凝土，245kgf/cm2 | E43: =E42 -> 111/03/05 | H43: 4 | I43: 組 | K43: =K41+H43 -> 60 | L43: 組 | N43: 施工廠商:劉琮誠
A44: 2-19 | B44: 壹、一、3 排水復舊及臨時導排水工程 6 | C44: 1921 | D44: M3 | E44: 111/03/07 | F44: 107 | G44: M3 | H44: =E44 -> 111/03/07 | J44: V=每批數量(M3) V≦50 取樣2(組) 50≦V<100 取樣3組 100≦V<200 取樣4(組) V>200 INT(V/100)+取樣3(組)。 | K44: =K42+F44 -> 1517.5 | L44: M3 | M44: 合格 | N44: 監造單位:李秉融 | O44: M38A2-J-a-C4B-336 曾文溪橋10噸鼎塊265-288
B45: 結構用混凝土，245kgf/cm2 | E45: =E44 -> 111/03/07 | H45: 4 | I45: 組 | K45: =K43+H45 -> 64 | L45: 組 | N45: 施工廠商:劉琮誠
A46: 2-20 | B46: 壹、一、3 排水復舊及臨時導排水工程 6 | C46: 1921 | D46: M3 | E46: 111/03/08 | F46: 107 | G46: M3 | H46: =E46 -> 111/03/08 | J46: V=每批數量(M3) V≦50 取樣2(組) 50≦V<100 取樣3組 100≦V<200 取樣4(組) V>200 INT(V/100)+取樣3(組)。 | K46: =K44+F46 -> 1624.5 | L46: M3 | M46: 合格 | N46: 監造單位:吳英傑 | O46: M38A2-J-a-C4B-343 曾文溪橋10噸鼎塊289-312
B47: 結構用混凝土，245kgf/cm2 | E47: =E46 -> 111/03/08 | H47: 4 | I47: 組 | K47: =K45+H47 -> 68 | L47: 組 | N47: 施工廠商:石錦茹
A48: 2-21 | B48: 壹、一、3 排水復舊及臨時導排水工程 6 | C48: 1921 | D48: M3 | E48: 111/03/10 | F48: 107 | G48: M3 | H48: =E48 -> 111/03/10 | J48: V=每批數量(M3) V≦50 取樣2(組) 50≦V<100 取樣3組 100≦V<200 取樣4(組) V>200 INT(V/100)+取樣3(組)。 | K48: =K46+F48 -> 1731.5 | L48: M3 | M48: 合格 | N48: 監造單位:吳英傑 | O48: M38A2-J-a-C4B-351 曾文溪橋10噸鼎塊313-336
B49: 結構用混凝土，245kgf/cm2 | E49: =E48 -> 111/03/10 | H49: 4 | I49: 組 | K49: =K47+H49 -> 72 | L49: 組 | N49: 施工廠商:石錦茹
A50: 2-22 | B50: 壹、一、3 排水復舊及臨時導排水工程 6 | C50: 1921 | D50: M3 | E50: 111/03/11 | F50: 107 | G50: M3 | H50: =E50 -> 111/03/11 | J50: V=每批數量(M3) V≦50 取樣2(組) 50≦V<100 取樣3組 100≦V<200 取樣4(組) V>200 INT(V/100)+取樣3(組)。 | K50: =K48+F50 -> 1838.5 | L50: M3 | M50: 合格 | N50: 監造單位:李秉融 | O50: M38A2-J-a-C4B-352 曾文溪橋10噸鼎塊337-360
B51: 結構用混凝土，245kgf/cm2 | E51: =E50 -> 111/03/11 | H51: 4 | I51: 組 | K51: =K49+H51 -> 76 | L51: 組 | N51: 施工廠商:劉琮誠
A52: 2-23 | B52: 壹、一、3 排水復舊及臨時導排水工程 6 | C52: 1921 | D52: M3 | E52: 111/06/29 | F52: 8 | G52: M3 | H52: =E52 -> 111/06/29 | J52: V=每批數量(M3) V≦50 取樣2(組) 50≦V<100 取樣3組 100≦V<200 取樣4(組) V>200 INT(V/100)+取樣3(組)。 | K52: =K50+F52 -> 1846.5 | L52: M3 | M52: 合格 | N52: 監造單位:黃麒源 | O52: M38A2-J-a-C4B-441 糖鐵四號穿越橋P2L基礎PC
B53: 結構用混凝土，245kgf/cm2 | E53: =E52 -> 111/06/29 | H53: 2 | I53: 組 | K53: =K51+H53 -> 78 | L53: 組 | N53: 施工廠商:周孝忠
A54: 2-24 | B54: 壹、一、3 排水復舊及臨時導排水工程 6 | C54: 1921 | D54: M3 | E54: 111/08/01 | F54: 15.5 | G54: M3 | H54: =E54 -> 111/08/01 | J54: V=每批數量(M3) V≦50 取樣2(組) 50≦V<100 取樣3組 100≦V<200 取樣4(組) V>200 INT(V/100)+取樣3(組)。 | K54: =K52+F54 -> 1862 | L54: M3 | M54: 合格 | N54: 監造單位:吳英傑 | O54: M38A2-J-a-C4B-444 糖鐵四號穿越橋既有排水溝復舊水溝牆
B55: 結構用混凝土，245kgf/cm2 | E55: =E54 -> 111/08/01 | H55: 2 | I55: 組 | K55: =K53+H55 -> 80 | L55: 組 | N55: 施工廠商:周孝忠
A56: 2-24 | B56: 壹、一、3 排水復舊及臨時導排水工程 6 | C56: 1921 | D56: M3 | E56: 111/08/11 | F56: 9 | G56: M3 | H56: =E56 -> 111/08/11 | J56: V=每批數量(M3) V≦50 取樣2(組) 50≦V<100 取樣3組 100≦V<200 取樣4(組) V>200 INT(V/100)+取樣3(組)。 | K56: =K54+F56 -> 1871 | L56: M3 | M56: 合格 | N56: 監造單位:李秉融 | O56: M38A2-J-a-C4B-446 糖鐵二號穿越橋施工便道
B57: 結構用混凝土，245kgf/cm2 | E57: =E56 -> 111/08/11 | H57: 2 | I57: 組 | K57: =K55+H57 -> 82 | L57: 組 | N57: 施工廠商:周孝忠
A58: 2-25 | B58: 壹、一、3 排水復舊及臨時導排水工程 6 | C58: 1921 | D58: M3 | E58: 111/08/25 | F58: 26 | G58: M3 | H58: =E58 -> 111/08/25 | J58: V=每批數量(M3) V≦50 取樣2(組) 50≦V<100 取樣3組 100≦V<200 取樣4(組) V>200 INT(V/100)+取樣3(組)。 | K58: =K56+F58 -> 1897 | L58: M3 | M58: 合格 | N58: 監造單位:吳英傑 | O58: M38A2-J-a-C4B-449 官田溪河川橋P10L基礎PC
B59: 結構用混凝土，245kgf/cm2 | E59: =E58 -> 111/08/25 | H59: 2 | I59: 組 | K59: =K57+H59 -> 84 | L59: 組 | N59: 施工廠商:陳建瑋
A60: 2-26 | B60: 壹、一、3 排水復舊及臨時導排水工程 6 | C60: 1921 | D60: M3 | E60: 111/08/31 | F60: 12.5 | G60: M3 | H60: =E60 -> 111/08/31 | J60: V=每批數量(M3) V≦50 取樣2(組) 50≦V<100 取樣3組 100≦V<200 取樣4(組) V>200 INT(V/100)+取樣3(組)。 | K60: =K58+F60 -> 1909.5 | L60: M3 | M60: 合格 | N60: 監造單位:李秉融 | O60: M38A2-J-a-C4B-467 糖鐵四號穿越橋既有水溝復舊牆身
B61: 結構用混凝土，245kgf/cm2 | E61: =E60 -> 111/08/31 | H61: 2 | I61: 組 | K61: =K59+H61 -> 86 | L61: 組 | N61: 施工廠商:陳建瑋
A62: 2-27 | B62: 壹、一、3 排水復舊及臨時導排水工程 6 | C62: 1921 | D62: M3 | E62: 111/12/16 | F62: 11 | G62: M3 | H62: =E62 -> 111/12/16 | J62: V=每批數量(M3) V≦50 取樣2(組) 50≦V<100 取樣3組 100≦V<200 取樣4(組) V>200 INT(V/100)+取樣3(組)。 | K62: =K60+F62 -> 1920.5 | L62: M3 | M62: 合格 | N62: 監造單位:李秉融 | O62: M38A2-J-a-C4B-534 糖鐵四號穿越橋紐澤西護欄東側-2及西側（基礎）
B63: 結構用混凝土，245kgf/cm2 | E63: =E62 -> 111/12/16 | H63: 2 | I63: 組 | K63: =K61+H63 -> 88 | L63: 組 | N63: 施工廠商:陳建瑋
A64: 2-28 | B64: 壹、一、3 排水復舊及臨時導排水工程 6 | C64: 1921 | D64: M3 | E64: 111/12/23 | F64: 8 | G64: M3 | H64: =E64 -> 111/12/23 | J64: V=每批數量(M3) V≦50 取樣2(組) 50≦V<100 取樣3組 100≦V<200 取樣4(組) V>200 INT(V/100)+取樣3(組)。 | K64: =K62+F64 -> 1928.5 | L64: M3 | M64: 合格 | N64: 監造單位:李秉融 | O64: M38A2-J-a-C4B-538 糖鐵四號穿越橋L1型既有明溝復舊底
B65: 結構用混凝土，245kgf/cm2 | E65: =E64 -> 111/12/23 | H65: 2 | I65: 組 | K65: =K63+H65 -> 90 | L65: 組 | N65: 施工廠商:陳建瑋
A66: 2-29 | B66: 壹、一、3 排水復舊及臨時導排水工程 6 | C66: 1921 | D66: M3 | E66: 111/12/26 | F66: 6 | G66: M3 | H66: =E66 -> 111/12/26 | J66: V=每批數量(M3) V≦50 取樣2(組) 50≦V<100 取樣3組 100≦V<200 取樣4(組) V>200 INT(V/100)+取樣3(組)。 | K66: =K64+F66 -> 1934.5 | L66: M3 | M66: 合格 | N66: 監造單位:李秉融 | O66: M38A2-J-a-C4B-540 糖鐵四號穿越橋L1型既有明溝復舊（牆身）
B67: 結構用混凝土，245kgf/cm2 | E67: =E66 -> 111/12/26 | H67: 2 | I67: 組 | K67: =K65+H67 -> 92 | L67: 組 | N67: 施工廠商:陳建瑋
A68: 2-30 | B68: 壹、一、3 排水復舊及臨時導排水工程 6 | C68: 1921 | D68: M3 | E68: 111/12/27 | F68: 3.5 | G68: M3 | H68: =E68 -> 111/12/27 | J68: V=每批數量(M3) V≦50 取樣2(組) 50≦V<100 取樣3組 100≦V<200 取樣4(組) V>200 INT(V/100)+取樣3(組)。 | K68: =K66+F68 -> 1938 | L68: M3 | M68: 合格 | N68: 監造單位:李秉融 | O68: M38A2-J-a-C4B-541 171甲穿越橋水溝復舊
B69: 結構用混凝土，245kgf/cm2 | E69: =E68 -> 111/12/27 | I69: 組 | K69: =K67+H69 -> 92 | L69: 組 | N69: 施工廠商:陳建瑋
A70: 2-31 | B70: 壹、一、3 排水復舊及臨時導排水工程 6 | C70: 1921 | D70: M3 | E70: 112/1/13 | F70: 2 | G70: M3 | H70: =E70 -> 112/1/13 | J70: V=每批數量(M3) V≦50 取樣2(組) 50≦V<100 取樣3組 100≦V<200 取樣4(組) V>200 INT(V/100)+取樣3(組)。 | K70: =K68+F70 -> 1940 | L70: M3 | M70: 合格 | N70: 監造單位:吳英傑 | O70: M38A2-J-a-C4B-543 潭頂溪排水橋P7鏈式鐵絲網
B71: 結構用混凝土，245kgf/cm2 | E71: =E70 -> 112/1/13 | H71: 2 | I71: 組 | K71: =K69+H71 -> 94 | L71: 組 | N71: 施工廠商:石錦茹

Sheet 混凝土 280KGF CM3 贊洲 
A1: 國道高速公路後續路段橋梁耐震補強工程(區段2-1)第M38A2標-烏山頭新化段 材料設備檢(試)驗管制總表 製表資料日期:110/02/18止
A2: 項次 | B2: 契約詳細表項次 | C2: 契約數量 | E2: 預定進場日期 | F2: 進場數量 | H2: 抽樣日期 | J2: 規定抽(取)樣頻率 | K2: 累積進場數量 | M2: 抽試驗結果 | N2: 抽驗及會同人員 | O2: 備註
B3: 材料(設備)名稱 | E3: 實際進場日期 | H3: 抽樣數量 | K3: 累積抽樣數量 | O3: (歸檔編號)
A4: 3 | B4: 壹、一、1 結構工程 10、11 | C4: 5405 | D4: M3 | E4: 109/08/14 | F4: 一式 | G4: M3 | H4: 一式 | J4: V=每批數量(M3) V≦50 取樣2(組) 50≦V<100 取樣3組 100≦V<200 取樣4(組) V>200 INT(V/100)+取樣3(組)。 | K4: 一式 | M4: 合格 | N4: 監造單位:李秉融 | O4: 贊洲:109.07.28棪嘉南(A2)監字第10907060號函廠商核定。 109.07.24 驗廠取樣。 109.08.14 315W廠拌。 109.08.28 80、245、280、350SCC廠拌)。 M38A2-J-a-C1-006。 | P4: 1100224
B5: 結構用混凝土，280kgf/cm2 | E5: 109/08/14 | H5: 一式 | K5: 一式 | N5: 施工廠商:柯志龍
A6: 3-1 | B6: 壹、一、1 結構工程 10、11 | C6: 5405 | D6: M3 | E6: 110/01/31 | F6: 7 | G6: M3 | H6: 109/12/03 | J6: V=每批數量(M3) V≦50 取樣2(組) 50≦V<100 取樣3組 100≦V<200 取樣4(組) V>200 INT(V/100)+取樣3(組)。 | K6: 7 | L6: M3 | M6: 合格 | N6: 監造單位:李秉融 | O6: M38A2-J-a-C4A-060 官田溪河川橋P5洗車台基礎
B7: 結構用混凝土，280kgf/cm2 | E7: 109/12/03 | H7: 2組 | K7: 2 | L7: 組 | N7: 施工廠商:蘇俊男
A8: 3-2 | B8: 壹、一、1 結構工程 10、11 | C8: 5405 | D8: M3 | E8: 109/12/07 | F8: 10.5 | G8: M3 | H8: 109/12/07 | J8: V=每批數量(M3) V≦50 取樣2(組) 50≦V<100 取樣3組 100≦V<200 取樣4(組) V>200 INT(V/100)+取樣3(組)。 | K8: 17.5 | L8: M3 | M8: 合格 | N8: 監造單位:吳英傑 | O8: M38A2-J-a-C4A-064 官田溪河川橋P5洗車台牆身
B9: 結構用混凝土，280kgf/cm2 | E9: 109/12/07 | H9: 2組 | K9: 4 | L9: 組 | N9: 施工廠商:蘇俊男
A10: 3-3 | B10: 壹、一、1 結構工程 10、11 | C10: 5405 | D10: M3 | E10: 109/12/14 | F10: 20 | G10: M3 | H10: 109/12/14 | J10: V=每批數量(M3) V≦50 取樣2(組) 50≦V<100 取樣3組 100≦V<200 取樣4(組) V>200 INT(V/100)+取樣3(組)。 | K10: 37.5 | L10: M3 | M10: 合格 | N10: 監造單位:李秉融 | O10: M38A2-J-a-C4A-069 官田溪河川橋P5R側洗車台車道大底及牆身
B11: 結構用混凝土，280kgf/cm2 | E11: 109/12/14 | H11: 2組 | K11: 6 | L11: 組 | N11: 施工廠商:蘇俊男
A12: 3-4 | B12: 壹、一、1 結構工程 10、11 | C12: 5405 | D12: M3 | E12: 110/01/21 | F12: 40 | G12: M3 | H12: 110/01/21 | J12: V=每批數量(M3) V≦50 取樣2(組) 50≦V<100 取樣3組 100≦V<200 取樣4(組) V>200 INT(V/100)+取樣3(組)。 | K12: 77.5 | L12: M3 | M12: 合格 | N12: 監造單位:吳英傑 | O12: M38A2-J-a-C4A-115 南117線穿越橋A1橋台止震塊補強
B13: 結構用混凝土，280kgf/cm2 | E13: 110/01/21 | H13: 2組 | K13: 8 | L13: 組 | N13: 施工廠商:林士興
A14: 3-5 | B14: 壹、一、1 結構工程 10、11 | C14: 5405 | D14: M3 | E14: 110/01/27 | F14: 41 | G14: M3 | H14: 110/01/27 | J14: V=每批數量(M3) V≦50 取樣2(組) 50≦V<100 取樣3組 100≦V<200 取樣4(組) V>200 INT(V/100)+取樣3(組)。 | K14: 118.5 | L14: M3 | M14: 合格 | N14: 監造單位:林東新 | O14: M38A2-J-a-C4A-124 南117線穿越橋A2橋台止震塊
B15: 結構用混凝土，280kgf/cm2 | E15: 110/01/27 | H15: 2組 | K15: 10 | L15: 組 | N15: 施工廠商:林士興
A16: 3-6 | B16: 壹、一、1 結構工程 10、11 | C16: 5405 | D16: M3 | E16: 110/01/30 | F16: 37.5 | G16: M3 | H16: 110/01/30 | J16: V=每批數量(M3) V≦50 取樣2(組) 50≦V<100 取樣3組 100≦V<200 取樣4(組) V>200 INT(V/100)+取樣3(組)。 | K16: 156 | L16: M3 | M16: 合格 | N16: 監造單位:吳英傑 | O16: M38A2-J-a-C4A-129 南117線穿越橋A1 A2橋台止震塊補強
B17: 結構用混凝土，280kgf/cm2 | E17: 110/01/30 | H17: 2組 | K17: 12 | L17: 組 | N17: 施工廠商:石錦茹
A18: 3-7 | B18: 壹、一、1 結構工程 10、11 | C18: 5405 | D18: M3 | E18: 110/02/26 | F18: 41 | G18: M3 | H18: 110/02/26 | J18: V=每批數量(M3) V≦50 取樣2(組) 50≦V<100 取樣3組 100≦V<200 取樣4(組) V>200 INT(V/100)+取樣3(組)。 | K18: 197 | L18: M3 | M18: 合格 | N18: 監造單位:李之杰 | O18: M38A2-J-a-C4A-158 渡子頭二號橋A1、A2橋台止震塊補強
B19: 結構用混凝土，280kgf/cm2 | E19: 110/02/26 | H19: 2組 | K19: 14 | L19: 組 | N19: 施工廠商:林士興
A20: 3-8 | B20: 壹、一、1 結構工程 10、11 | C20: 5405 | D20: M3 | E20: 110/03/11 | F20: 34 | G20: M3 | H20: 110/03/11 | J20: V=每批數量(M3) V≦50 取樣2(組) 50≦V<100 取樣3組 100≦V<200 取樣4(組) V>200 INT(V/100)+取樣3(組)。 | K20: 231 | L20: M3 | N20: 監造單位:林東新 | O20: M38A2-J-a-C4A-178 渡子頭一號橋A1、A2橋台RC止震塊補強
B21: 結構用混凝土，280kgf/cm2 | E21: 110/03/11 | H21: 2組 | K21: 16 | L21: 組 | N21: 施工廠商:林士興
A22: 3-9 | B22: 壹、一、1 結構工程 10、11 | C22: 5405 | D22: M3 | E22: 110/06/04 | F22: 33 | G22: M3 | H22: 110/06/04 | J22: V=每批數量(M3) V≦50 取樣2(組) 50≦V<100 取樣3組 100≦V<200 取樣4(組) V>200 INT(V/100)+取樣3(組)。 | K22: =K20+F22 -> 264 | L22: M3 | N22: 監造單位:李秉融 | O22: M38A2-J-a-C4A-263 渡子頭2號橋P1LR側墩柱第一升層
B23: 結構用混凝土，280kgf/cm2 | E23: 110/06/04 | H23: 2 | I23: 組 | K23: =K21+H23 -> 18 | L23: 組 | N23: 施工廠商:周孝忠
A24: 3-10 | B24: 壹、一、1 結構工程 10、11 | C24: 5405 | D24: M3 | E24: 110/06/11 | F24: 21.5 | G24: M3 | H24: 110/06/11 | J24: V=每批數量(M3) V≦50 取樣2(組) 50≦V<100 取樣3組 100≦V<200 取樣4(組) V>200 INT(V/100)+取樣3(組)。 | K24: =K22+F24 -> 285.5 | L24: M3 | N24: 監造單位:李之杰 | O24: M38A2-J-a-C4A-267 渡子頭2號橋P2LR側墩柱第一升層
B25: 結構用混凝土，280kgf/cm2 | E25: 110/06/11 | H25: 2 | I25: 組 | K25: =K23+H25 -> 20 | L25: 組 | N25: 施工廠商:周孝忠
A26: 3-11 | B26: 壹、一、1 結構工程 10、11 | C26: 5405 | D26: M3 | E26: 110/06/25 | F26: 28.5 | G26: M3 | H26: 110/06/25 | J26: V=每批數量(M3) V≦50 取樣2(組) 50≦V<100 取樣3組 100≦V<200 取樣4(組) V>200 INT(V/100)+取樣3(組)。 | K26: =K24+F26 -> 314 | L26: M3 | N26: 監造單位:李之杰 | O26: M38A2-J-a-C4A-275 渡子頭2號橋P2LR側墩柱第二升層
B27: 結構用混凝土，280kgf/cm2 | E27: 110/06/25 | H27: 2 | I27: 組 | K27: =K25+H27 -> 22 | L27: 組 | N27: 施工廠商:劉琮誠
A28: 3-12 | B28: 壹、一、1 結構工程 10、11 | C28: 5405 | D28: M3 | E28: 110/06/30 | F28: 30 | G28: M3 | H28: =E28 -> 110/06/30 | J28: V=每批數量(M3) V≦50 取樣2(組) 50≦V<100 取樣3組 100≦V<200 取樣4(組) V>200 INT(V/100)+取樣3(組)。 | K28: =K26+F28 -> 344 | L28: M3 | N28: 監造單位:吳英傑 | O28: M38A2-J-a-C4A-277 曾文溪洗車台底版
B29: 結構用混凝土，280kgf/cm2 | E29: =E28 -> 110/06/30 | H29: 2 | I29: 組 | K29: =K27+H29 -> 24 | L29: 組 | N29: 施工廠商:周孝忠
A30: 3-13 | B30: 壹、一、1 結構工程 10、11 | C30: 5405 | D30: M3 | E30: 110/07/05 | F30: 9 | G30: M3 | H30: =E30 -> 110/07/05 | J30: V=每批數量(M3) V≦50 取樣2(組) 50≦V<100 取樣3組 100≦V<200 取樣4(組) V>200 INT(V/100)+取樣3(組)。 | K30: =K28+F30 -> 353 | L30: M3 | N30: 監造單位:吳英傑 | O30: M38A2-J-a-C4A-282 曾文溪洗車台牆身
B31: 結構用混凝土，280kgf/cm2 | E31: =E30 -> 110/07/05 | H31: 2 | I31: 組 | K31: =K29+H31 -> 26 | L31: 組 | N31: 施工廠商:石錦茹
A32: 3-14 | B32: 壹、一、1 結構工程 10、11 | C32: 5405 | D32: M3 | E32: 110/08/25 | F32: 26 | G32: M3 | H32: =E32 -> 110/08/25 | J32: V=每批數量(M3) V≦50 取樣2(組) 50≦V<100 取樣3組 100≦V<200 取樣4(組) V>200 INT(V/100)+取樣3(組)。 | K32: =K30+F32 -> 379 | L32: M3 | N32: 監造單位:吳英傑 | O32: M38A2-J-a-C4A-321 渡子頭2號排水橋P3R及L墩柱補強第一升層
B33: 結構用混凝土，280kgf/cm2 | E33: =E32 -> 110/08/25 | H33: 2 | I33: 組 | K33: =K31+H33 -> 28 | L33: 組 | N33: 施工廠商:石錦茹
A34: 3-15 | B34: 壹、一、1 結構工程 10、11 | C34: 5405 | D34: M3 | E34: 110/09/08 | F34: 26 | G34: M3 | H34: =E34 -> 110/09/08 | J34: V=每批數量(M3) V≦50 取樣2(組) 50≦V<100 取樣3組 100≦V<200 取樣4(組) V>200 INT(V/100)+取樣3(組)。 | K34: =K32+F34 -> 405 | L34: M3 | N34: 監造單位:吳英傑 | O34: M38A2-J-a-C4A-333 渡子頭2號橋P4RL墩柱第一升層
B35: 結構用混凝土，280kgf/cm2 | E35: =E34 -> 110/09/08 | H35: 2 | I35: 組 | K35: =K33+H35 -> 30 | L35: 組 | N35: 施工廠商:石錦茹
A36: 3-16 | B36: 壹、一、1 結構工程 10、11 | C36: 5405 | D36: M3 | E36: 110/10/07 | F36: 4 | G36: M3 | H36: =E36 -> 110/10/07 | J36: V=每批數量(M3) V≦50 取樣2(組) 50≦V<100 取樣3組 100≦V<200 取樣4(組) V>200 INT(V/100)+取樣3(組)。 | K36: =K34+F36 -> 409 | L36: M3 | N36: 監造單位:林東新 | O36: M38A2-J-a-C4A-346 南117穿越橋P1R-14鋼管樁
B37: 結構用混凝土，280kgf/cm2 | E37: =E36 -> 110/10/07 | H37: 1 | I37: 組 | K37: =K35+H37 -> 31 | L37: 組 | N37: 施工廠商:劉琮誠
A38: 3-17 | B38: 壹、一、1 結構工程 10、11 | C38: 5405 | D38: M3 | E38: 110/10/07 | F38: 4 | G38: M3 | H38: =E38 -> 110/10/07 | J38: V=每批數量(M3) V≦50 取樣2(組) 50≦V<100 取樣3組 100≦V<200 取樣4(組) V>200 INT(V/100)+取樣3(組)。 | K38: =K36+F38 -> 413 | L38: M3 | N38: 監造單位:林東新 | O38: M38A2-J-a-C4A-347 南117穿越橋P1R-13鋼管樁
B39: 結構用混凝土，280kgf/cm2 | E39: =E38 -> 110/10/07 | H39: 1 | I39: 組 | K39: =K37+H39 -> 32 | L39: 組 | N39: 施工廠商:劉琮誠
A40: 3-18 | B40: 壹、一、1 結構工程 10、11 | C40: 5405 | D40: M3 | E40: 110/10/07 | F40: 4 | G40: M3 | H40: =E40 -> 110/10/07 | J40: V=每批數量(M3) V≦50 取樣2(組) 50≦V<100 取樣3組 100≦V<200 取樣4(組) V>200 INT(V/100)+取樣3(組)。 | K40: =K38+F40 -> 417 | L40: M3 | N40: 監造單位:林東新 | O40: M38A2-J-a-C4A-348 南117穿越橋P1R-12鋼管樁
B41: 結構用混凝土，280kgf/cm2 | E41: =E40 -> 110/10/07 | H41: 1 | I41: 組 | K41: =K39+H41 -> 33 | L41: 組 | N41: 施工廠商:劉琮誠
A42: 3-19 | B42: 壹、一、1 結構工程 10、11 | C42: 5405 | D42: M3 | E42: 110/10/07 | F42: 4 | G42: M3 | H42: =E42 -> 110/10/07 | J42: V=每批數量(M3) V≦50 取樣2(組) 50≦V<100 取樣3組 100≦V<200 取樣4(組) V>200 INT(V/100)+取樣3(組)。 | K42: =K40+F42 -> 421 | L42: M3 | N42: 監造單位:林東新 | O42: M38A2-J-a-C4A-349 南117穿越橋P1R-11鋼管樁
B43: 結構用混凝土，280kgf/cm2 | E43: =E42 -> 110/10/07 | H43: 1 | I43: 組 | K43: =K41+H43 -> 34 | L43: 組 | N43: 施工廠商:劉琮誠
A44: 3-20 | B44: 壹、一、1 結構工程 10、11 | C44: 5405 | D44: M3 | E44: 110/10/07 | F44: 4 | G44: M3 | H44: =E44 -> 110/10/07 | J44: V=每批數量(M3) V≦50 取樣2(組) 50≦V<100 取樣3組 100≦V<200 取樣4(組) V>200 INT(V/100)+取樣3(組)。 | K44: =K42+F44 -> 425 | L44: M3 | N44: 監造單位:林東新 | O44: M38A2-J-a-C4A-350 南117穿越橋P1R-10鋼管樁
B45: 結構用混凝土，280kgf/cm2 | E45: =E44 -> 110/10/07 | H45: 1 | I45: 組 | K45: =K43+H45 -> 35 | L45: 組 | N45: 施工廠商:劉琮誠
A46: 3-21 | B46: 壹、一、1 結構工程 10、11 | C46: 5405 | D46: M3 | E46: 110/10/07 | F46: 4 | G46: M3 | H46: =E46 -> 110/10/07 | J46: V=每批數量(M3) V≦50 取樣2(組) 50≦V<100 取樣3組 100≦V<200 取樣4(組) V>200 INT(V/100)+取樣3(組)。 | K46: =K44+F46 -> 429 | L46: M3 | N46: 監造單位:林東新 | O46: M38A2-J-a-C4A-351 南117穿越橋P1R-9鋼管樁
B47: 結構用混凝土，280kgf/cm2 | E47: =E46 -> 110/10/07 | H47: 1 | I47: 組 | K47: =K45+H47 -> 36 | L47: 組 | N47: 施工廠商:劉琮誠
A48: 3-22 | B48: 壹、一、1 結構工程 10、11 | C48: 5405 | D48: M3 | E48: 110/10/07 | F48: 4 | G48: M3 | H48: =E48 -> 110/10/07 | J48: V=每批數量(M3) V≦50 取樣2(組) 50≦V<100 取樣3組 100≦V<200 取樣4(組) V>200 INT(V/100)+取樣3(組)。 | K48: =K46+F48 -> 433 | L48: M3 | N48: 監造單位:林東新 | O48: M38A2-J-a-C4A-352 南117穿越橋P1R-8鋼管樁
B49: 結構用混凝土，280kgf/cm2 | E49: =E48 -> 110/10/07 | H49: 1 | I49: 組 | K49: =K47+H49 -> 37 | L49: 組 | N49: 施工廠商:劉琮誠
A50: 3-23 | B50: 壹、一、1 結構工程 10、11 | C50: 5405 | D50: M3 | E50: 110/10/08 | F50: 40.5 | G50: M3 | H50: =E50 -> 110/10/08 | J50: V=每批數量(M3) V≦50 取樣2(組) 50≦V<100 取樣3組 100≦V<200 取樣4(組) V>200 INT(V/100)+取樣3(組)。 | K50: =K48+F50 -> 473.5 | L50: M3 | N50: 監造單位:李秉融 | O50: M38A2-J-a-C4A-353 渡子頭2號橋P4RL墩柱第二升層
B51: 結構用混凝土，280kgf/cm2 | E51: =E50 -> 110/10/08 | H51: 2 | I51: 組 | K51: =K49+H51 -> 39 | L51: 組 | N51: 施工廠商:劉琮誠
A52: 3-24 | B52: 壹、一、1 結構工程 10、11 | C52: 5405 | D52: M3 | E52: 110/10/12 | F52: 4 | G52: M3 | H52: =E52 -> 110/10/12 | J52: V=每批數量(M3) V≦50 取樣2(組) 50≦V<100 取樣3組 100≦V<200 取樣4(組) V>200 INT(V/100)+取樣3(組)。 | K52: =K50+F52 -> 477.5 | L52: M3 | N52: 監造單位:林東新 | O52: M38A2-J-a-C4A-354 南117穿越橋P1R-1鋼管樁
B53: 結構用混凝土，280kgf/cm2 | E53: =E52 -> 110/10/12 | H53: 1 | I53: 組 | K53: =K51+H53 -> 40 | L53: 組 | N53: 施工廠商:劉琮誠
A54: 3-25 | B54: 壹、一、1 結構工程 10、11 | C54: 5405 | D54: M3 | E54: 110/10/12 | F54: 4 | G54: M3 | H54: =E54 -> 110/10/12 | J54: V=每批數量(M3) V≦50 取樣2(組) 50≦V<100 取樣3組 100≦V<200 取樣4(組) V>200 INT(V/100)+取樣3(組)。 | K54: =K52+F54 -> 481.5 | L54: M3 | N54: 監造單位:林東新 | O54: M38A2-J-a-C4A-355 南117穿越橋P1R-2鋼管樁
B55: 結構用混凝土，280kgf/cm2 | E55: =E54 -> 110/10/12 | H55: 1 | I55: 組 | K55: =K53+H55 -> 41 | L55: 組 | N55: 施工廠商:劉琮誠
A56: 3-26 | B56: 壹、一、1 結構工程 10、11 | C56: 5405 | D56: M3 | E56: 110/10/12 | F56: 4 | G56: M3 | H56: =E56 -> 110/10/12 | J56: V=每批數量(M3) V≦50 取樣2(組) 50≦V<100 取樣3組 100≦V<200 取樣4(組) V>200 INT(V/100)+取樣3(組)。 | K56: =K54+F56 -> 485.5 | L56: M3 | N56: 監造單位:林東新 | O56: M38A2-J-a-C4A-356 南117穿越橋P1R-3鋼管樁
B57: 結構用混凝土，280kgf/cm2 | E57: =E56 -> 110/10/12 | H57: 1 | I57: 組 | K57: =K55+H57 -> 42 | L57: 組 | N57: 施工廠商:劉琮誠
A58: 3-27 | B58: 壹、一、1 結構工程 10、11 | C58: 5405 | D58: M3 | E58: 110/10/12 | F58: 4 | G58: M3 | H58: =E58 -> 110/10/12 | J58: V=每批數量(M3) V≦50 取樣2(組) 50≦V<100 取樣3組 100≦V<200 取樣4(組) V>200 INT(V/100)+取樣3(組)。 | K58: =K56+F58 -> 489.5 | L58: M3 | N58: 監造單位:林東新 | O58: M38A2-J-a-C4A-357 南117穿越橋P1R-4鋼管樁
B59: 結構用混凝土，280kgf/cm2 | E59: =E58 -> 110/10/12 | H59: 1 | I59: 組 | K59: =K57+H59 -> 43 | L59: 組 | N59: 施工廠商:劉琮誠
A60: 3-28 | B60: 壹、一、1 結構工程 10、11 | C60: 5405 | D60: M3 | E60: 110/10/12 | F60: 4 | G60: M3 | H60: =E60 -> 110/10/12 | J60: V=每批數量(M3) V≦50 取樣2(組) 50≦V<100 取樣3組 100≦V<200 取樣4(組) V>200 INT(V/100)+取樣3(組)。 | K60: =K58+F60 -> 493.5 | L60: M3 | N60: 監造單位:林東新 | O60: M38A2-J-a-C4A-358 南117穿越橋P1R-5鋼管樁
B61: 結構用混凝土，280kgf/cm2 | E61: =E60 -> 110/10/12 | H61: 1 | I61: 組 | K61: =K59+H61 -> 44 | L61: 組 | N61: 施工廠商:劉琮誠
A62: 3-29 | B62: 壹、一、1 結構工程 10、11 | C62: 5405 | D62: M3 | E62: 110/10/12 | F62: 4 | G62: M3 | H62: =E62 -> 110/10/12 | J62: V=每批數量(M3) V≦50 取樣2(組) 50≦V<100 取樣3組 100≦V<200 取樣4(組) V>200 INT(V/100)+取樣3(組)。 | K62: =K60+F62 -> 497.5 | L62: M3 | N62: 監造單位:林東新 | O62: M38A2-J-a-C4A-359 南117穿越橋P1R-6鋼管樁
B63: 結構用混凝土，280kgf/cm2 | E63: =E62 -> 110/10/12 | H63: 1 | I63: 組 | K63: =K61+H63 -> 45 | L63: 組 | N63: 施工廠商:劉琮誠
A64: 3-30 | B64: 壹、一、1 結構工程 10、11 | C64: 5405 | D64: M3 | E64: 110/10/12 | F64: 4 | G64: M3 | H64: =E64 -> 110/10/12 | J64: V=每批數量(M3) V≦50 取樣2(組) 50≦V<100 取樣3組 100≦V<200 取樣4(組) V>200 INT(V/100)+取樣3(組)。 | K64: =K62+F64 -> 501.5 | L64: M3 | N64: 監造單位:林東新 | O64: M38A2-J-a-C4A-360 南117穿越橋P1R-7鋼管樁
B65: 結構用混凝土，280kgf/cm2 | E65: =E64 -> 110/10/12 | H65: 1 | I65: 組 | K65: =K63+H65 -> 46 | L65: 組 | N65: 施工廠商:劉琮誠
A66: 3-31 | B66: 壹、一、1 結構工程 10、11 | C66: 5405 | D66: M3 | E66: 110/10/22 | F66: 35 | G66: M3 | H66: =E66 -> 110/10/22 | J66: V=每批數量(M3) V≦50 取樣2(組) 50≦V<100 取樣3組 100≦V<200 取樣4(組) V>200 INT(V/100)+取樣3(組)。 | K66: =K64+F66 -> 536.5 | L66: M3 | N66: 監造單位:吳英傑 | O66: M38A2-J-a-C4A-363 渡子頭溪二號排水橋P3RL墩柱第二升層
B67: 結構用混凝土，280kgf/cm2 | E67: =E66 -> 110/10/22 | H67: 2 | I67: 組 | K67: =K65+H67 -> 48 | L67: 組 | N67: 施工廠商:周孝忠
A68: 3-32 | B68: 壹、一、1 結構工程 10、11 | C68: 5405 | D68: M3 | E68: 110/10/23 | F68: 29.5 | G68: M3 | H68: =E68 -> 110/10/23 | J68: V=每批數量(M3) V≦50 取樣2(組) 50≦V<100 取樣3組 100≦V<200 取樣4(組) V>200 INT(V/100)+取樣3(組)。 | K68: =K66+F68 -> 566 | L68: M3 | N68: 監造單位:吳英傑 | O68: M38A2-J-a-C4A-364 渡子頭溪三號排水橋A1橋台 渡子頭溪四號排水橋A2橋台 渡子頭溪五號排水橋A1橋台
B69: 結構用混凝土，280kgf/cm2 | E69: =E68 -> 110/10/23 | H69: 2 | I69: 組 | K69: =K67+H69 -> 50 | L69: 組 | N69: 施工廠商:劉琮誠
A70: 3-33 | B70: 壹、一、1 結構工程 10、11 | C70: 5405 | D70: M3 | E70: 110/11/04 | F70: 4 | G70: M3 | H70: =E70 -> 110/11/04 | J70: V=每批數量(M3) V≦50 取樣2(組) 50≦V<100 取樣3組 100≦V<200 取樣4(組) V>200 INT(V/100)+取樣3(組)。 | K70: =K68+F70 -> 570 | L70: M3 | N70: 監造單位:吳英傑 | O70: M38A2-J-a-C4A-369 南117穿越橋P2R-14鋼管樁
B71: 結構用混凝土，280kgf/cm2 | E71: =E70 -> 110/11/04 | H71: 1 | I71: 組 | K71: =K69+H71 -> 51 | L71: 組 | N71: 施工廠商:石錦茹
A72: 3-34 | B72: 壹、一、1 結構工程 10、11 | C72: 5405 | D72: M3 | E72: 110/11/04 | F72: 4 | G72: M3 | H72: =E72 -> 110/11/04 | J72: V=每批數量(M3) V≦50 取樣2(組) 50≦V<100 取樣3組 100≦V<200 取樣4(組) V>200 INT(V/100)+取樣3(組)。 | K72: =K70+F72 -> 574 | L72: M3 | N72: 監造單位:吳英傑 | O72: M38A2-J-a-C4A-370 南117穿越橋P2R-13鋼管樁
B73: 結構用混凝土，280kgf/cm2 | E73: =E72 -> 110/11/04 | H73: 1 | I73: 組 | K73: =K71+H73 -> 52 | L73: 組 | N73: 施工廠商:石錦茹
A74: 3-35 | B74: 壹、一、1 結構工程 10、11 | C74: 5405 | D74: M3 | E74: 110/11/04 | F74: 4 | G74: M3 | H74: =E74 -> 110/11/04 | J74: V=每批數量(M3) V≦50 取樣2(組) 50≦V<100 取樣3組 100≦V<200 取樣4(組) V>200 INT(V/100)+取樣3(組)。 | K74: =K72+F74 -> 578 | L74: M3 | N74: 監造單位:吳英傑 | O74: M38A2-J-a-C4A-371 南117穿越橋P2R-11鋼管樁
B75: 結構用混凝土，280kgf/cm2 | E75: =E74 -> 110/11/04 | H75: 1 | I75: 組 | K75: =K73+H75 -> 53 | L75: 組 | N75: 施工廠商:石錦茹
A76: 3-36 | B76: 壹、一、1 結構工程 10、11 | C76: 5405 | D76: M3 | E76: 110/11/04 | F76: 4 | G76: M3 | H76: =E76 -> 110/11/04 | J76: V=每批數量(M3) V≦50 取樣2(組) 50≦V<100 取樣3組 100≦V<200 取樣4(組) V>200 INT(V/100)+取樣3(組)。 | K76: =K74+F76 -> 582 | L76: M3 | N76: 監造單位:吳英傑 | O76: M38A2-J-a-C4A-372 南117穿越橋P2R-12鋼管樁
B77: 結構用混凝土，280kgf/cm2 | E77: =E76 -> 110/11/04 | H77: 1 | I77: 組 | K77: =K75+H77 -> 54 | L77: 組 | N77: 施工廠商:石錦茹
A78: 3-37 | B78: 壹、一、1 結構工程 10、11 | C78: 5405 | D78: M3 | E78: 110/11/10 | F78: 32 | G78: M3 | H78: =E78 -> 110/11/10 | J78: V=每批數量(M3) V≦50 取樣2(組) 50≦V<100 取樣3組 100≦V<200 取樣4(組) V>200 INT(V/100)+取樣3(組)。 | K78: =K76+F78 -> 614 | L78: M3 | N78: 監造單位:李之杰 | O78: M38A2-J-a-C4A-373 渡子頭溪三號排水橋A2橋台 渡子頭溪四號排水橋A1橋台 渡子頭溪五號排水橋A2橋台
B79: 結構用混凝土，280kgf/cm2 | E79: =E78 -> 110/11/10 | H79: 2 | I79: 組 | K79: =K77+H79 -> 56 | L79: 組 | N79: 施工廠商:劉琮誠
A80: 3-38 | B80: 壹、一、1 結構工程 10、11 | C80: 5405 | D80: M3 | E80: 110/11/12 | F80: 4 | G80: M3 | H80: =E80 -> 110/11/12 | J80: V=每批數量(M3) V≦50 取樣2(組) 50≦V<100 取樣3組 100≦V<200 取樣4(組) V>200 INT(V/100)+取樣3(組)。 | K80: =K78+F80 -> 618 | L80: M3 | N80: 監造單位:李秉融 | O80: M38A2-J-a-C4A-375 南117穿越橋P2R-10鋼管樁
B81: 結構用混凝土，280kgf/cm2 | E81: =E80 -> 110/11/12 | H81: 1 | I81: 組 | K81: =K79+H81 -> 57 | L81: 組 | N81: 施工廠商:劉琮誠
A82: 3-39 | B82: 壹、一、1 結構工程 10、11 | C82: 5405 | D82: M3 | E82: 110/11/12 | F82: 4 | G82: M3 | H82: =E82 -> 110/11/12 | J82: V=每批數量(M3) V≦50 取樣2(組) 50≦V<100 取樣3組 100≦V<200 取樣4(組) V>200 INT(V/100)+取樣3(組)。 | K82: =K80+F82 -> 622 | L82: M3 | N82: 監造單位:李秉融 | O82: M38A2-J-a-C4A-376 南117穿越橋P2R-9鋼管樁
B83: 結構用混凝土，280kgf/cm2 | E83: =E82 -> 110/11/12 | H83: 1 | I83: 組 | K83: =K81+H83 -> 58 | L83: 組 | N83: 施工廠商:劉琮誠
A84: 3-40 | B84: 壹、一、1 結構工程 10、11 | C84: 5405 | D84: M3 | E84: 110/11/12 | F84: 4 | G84: M3 | H84: =E84 -> 110/11/12 | J84: V=每批數量(M3) V≦50 取樣2(組) 50≦V<100 取樣3組 100≦V<200 取樣4(組) V>200 INT(V/100)+取樣3(組)。 | K84: =K82+F84 -> 626 | L84: M3 | N84: 監造單位:李秉融 | O84: M38A2-J-a-C4A-377 南117穿越橋P2R-8鋼管樁
B85: 結構用混凝土，280kgf/cm2 | E85: =E84 -> 110/11/12 | H85: 1 | I85: 組 | K85: =K83+H85 -> 59 | L85: 組 | N85: 施工廠商:劉琮誠
A86: 3-41 | B86: 壹、一、1 結構工程 10、11 | C86: 5405 | D86: M3 | E86: 110/11/12 | F86: 5 | G86: M3 | H86: =E86 -> 110/11/12 | J86: V=每批數量(M3) V≦50 取樣2(組) 50≦V<100 取樣3組 100≦V<200 取樣4(組) V>200 INT(V/100)+取樣3(組)。 | K86: =K84+F86 -> 631 | L86: M3 | N86: 監造單位:李秉融 | O86: M38A2-J-a-C4A-378 南117穿越橋P2R-7鋼管樁
B87: 結構用混凝土，280kgf/cm2 | E87: =E86 -> 110/11/12 | H87: 1 | I87: 組 | K87: =K85+H87 -> 60 | L87: 組 | N87: 施工廠商:劉琮誠
A88: 3-42 | B88: 壹、一、1 結構工程 10、11 | C88: 5405 | D88: M3 | E88: 110/11/19 | F88: 41 | G88: M3 | H88: =E88 -> 110/11/19 | J88: V=每批數量(M3) V≦50 取樣2(組) 50≦V<100 取樣3組 100≦V<200 取樣4(組) V>200 INT(V/100)+取樣3(組)。 | K88: =K86+F88 -> 672 | L88: M3 | N88: 監造單位:林東新 | O88: M38A2-J-a-C4A-381 渡子頭溪二號排水橋P1RL墩柱第二升層
B89: 結構用混凝土，280kgf/cm2 | E89: =E88 -> 110/11/19 | H89: 2 | I89: 組 | K89: =K87+H89 -> 62 | L89: 組 | N89: 施工廠商:周孝忠
A90: 3-43 | B90: 壹、一、1 結構工程 10、11 | C90: 5405 | D90: M3 | E90: 110/11/22 | F90: 4 | G90: M3 | H90: =E90 -> 110/11/22 | J90: V=每批數量(M3) V≦50 取樣2(組) 50≦V<100 取樣3組 100≦V<200 取樣4(組) V>200 INT(V/100)+取樣3(組)。 | K90: =K88+F90 -> 676 | L90: M3 | N90: 監造單位:李秉融 | O90: M38A2-J-a-C4A-382 南117穿越橋P2R-6鋼管樁
B91: 結構用混凝土，280kgf/cm2 | E91: =E90 -> 110/11/22 | H91: 1 | I91: 組 | K91: =K89+H91 -> 63 | L91: 組 | N91: 施工廠商:劉琮誠
A92: 3-44 | B92: 壹、一、1 結構工程 10、11 | C92: 5405 | D92: M3 | E92: 110/11/22 | F92: 4 | G92: M3 | H92: =E92 -> 110/11/22 | J92: V=每批數量(M3) V≦50 取樣2(組) 50≦V<100 取樣3組 100≦V<200 取樣4(組) V>200 INT(V/100)+取樣3(組)。 | K92: =K90+F92 -> 680 | L92: M3 | N92: 監造單位:李秉融 | O92: M38A2-J-a-C4A-383 南117穿越橋P2R-5鋼管樁
B93: 結構用混凝土，280kgf/cm2 | E93: =E92 -> 110/11/22 | H93: 1 | I93: 組 | K93: =K91+H93 -> 64 | L93: 組 | N93: 施工廠商:劉琮誠
A94: 3-45 | B94: 壹、一、1 結構工程 10、11 | C94: 5405 | D94: M3 | E94: 111/01/15 | F94: 56 | G94: M3 | H94: =E94 -> 111/01/15 | J94: V=每批數量(M3) V≦50 取樣2(組) 50≦V<100 取樣3組 100≦V<200 取樣4(組) V>200 INT(V/100)+取樣3(組)。 | K94: =K92+F94 -> 736 | L94: M3 | N94: 監造單位:李秉融 | O94: M38A2-J-a-C4A-384 南117穿越橋P2R-4鋼管樁
B95: 結構用混凝土，280kgf/cm2 | E95: =E94 -> 111/01/15 | H95: 3 | I95: 組 | K95: =K93+H95 -> 67 | L95: 組 | N95: 施工廠商:劉琮誠
A96: 3-46 | B96: 壹、一、1 結構工程 10、11 | C96: 5405 | D96: M3 | E96: 111/01/18 | F96: 14 | G96: M3 | H96: =E96 -> 111/01/18 | J96: V=每批數量(M3) V≦50 取樣2(組) 50≦V<100 取樣3組 100≦V<200 取樣4(組) V>200 INT(V/100)+取樣3(組)。 | K96: =K94+F96 -> 750 | L96: M3 | N96: 監造單位:吳英傑 | O96: M38A2-J-a-C4A-388 渡子頭溪二號排水橋P4RL帽樑止震塊
B97: 結構用混凝土，280kgf/cm2 | E97: =E96 -> 111/01/18 | H97: 2 | I97: 組 | K97: =K95+H97 -> 69 | L97: 組 | N97: 施工廠商:石錦茹
A98: 3-47 | B98: 壹、一、1 結構工程 10、11 | C98: 5405 | D98: M3 | E98: 111/01/27 | F98: 60 | G98: M3 | H98: =E98 -> 111/01/27 | J98: V=每批數量(M3) V≦50 取樣2(組) 50≦V<100 取樣3組 100≦V<200 取樣4(組) V>200 INT(V/100)+取樣3(組)。 | K98: =K96+F98 -> 810 | L98: M3 | N98: 監造單位:李秉融 | O98: M38A2-J-a-C4A-392 渡子頭二號排水橋P1RL帽樑止震塊
B99: 結構用混凝土，280kgf/cm2 | E99: =E98 -> 111/01/27 | H99: 3 | I99: 組 | K99: =K97+H99 -> 72 | L99: 組 | N99: 施工廠商:劉琮誠
A100: 3-48 | B100: 壹、一、1 結構工程 10、11 | C100: 5405 | D100: M3 | E100: 111/04/06 | F100: 64 | G100: M3 | H100: =E100 -> 111/04/06 | J100: V=每批數量(M3) V≦50 取樣2(組) 50≦V<100 取樣3組 100≦V<200 取樣4(組) V>200 INT(V/100)+取樣3(組)。 | K100: =K98+F100 -> 874 | L100: M3 | N100: 監造單位:吳英傑 | O100: M38A2-J-a-C4A-414 渡子頭二號排水橋P3帽樑止震塊
...

Sheet 混凝土 280KGF CM3 竑榮官田廠 
A1: 國道高速公路後續路段橋梁耐震補強工程(區段2-1)第M38A2標-烏山頭新化段 材料設備檢(試)驗管制總表 製表資料日期:110/02/18止
A2: 項次 | B2: 契約詳細表項次 | C2: 契約數量 | E2: 預定進場日期 | F2: 進場數量 | H2: 抽樣日期 | J2: 規定抽(取)樣頻率 | K2: 累積進場數量 | M2: 抽試驗結果 | N2: 抽驗及會同人員 | O2: 備註
B3: 材料(設備)名稱 | E3: 實際進場日期 | H3: 抽樣數量 | K3: 累積抽樣數量 | O3: (歸檔編號)
A4: 3 | B4: 壹、一、1 結構工程 10、11 | C4: 5405 | D4: M3 | E4: 109/08/14 | F4: 一式 | G4: M3 | H4: 109/08/14 | J4: V=每批數量(M3) V≦50 取樣2(組) 50≦V<100 取樣3組 100≦V<200 取樣4(組) V>200 INT(V/100)+取樣3(組)。 | K4: 一式 | M4: 合格 | N4: 監造單位:李秉融 | O4: 竑榮官田廠:109.08.14棪嘉南(A2)監字第10908022號函廠商核定。 109.08.25驗廠取樣)。 109.10.06 80、175、245、280、315W廠拌。M38A2-J-a-C1-009 | P4: 1100224
B5: 結構用混凝土，280kgf/cm2 | E5: 109/08/14 | H5: 一式 | K5: 一式 | N5: 施工廠商:柯志龍
A6: 3 | B6: 壹、一、1 結構工程 10、11 | C6: 5405 | D6: M3 | E6: 109/08/14 | F6: 一式 | G6: M3 | H6: 109/08/14 | J6: V=每批數量(M3) V≦50 取樣2(組) 50≦V<100 取樣3組 100≦V<200 取樣4(組) V>200 INT(V/100)+取樣3(組)。 | K6: 一式 | M6: 合格 | N6: 監造單位:李秉融 | O6: 竑榮安定廠:109.08.14棪嘉南(A2)監字第10908023號函廠商核定。 109.08.31驗廠取樣。 109.10.07 80、175、245、280廠拌。 M38A2-J-a-C1-010
B7: 結構用混凝土，280kgf/cm2 | E7: 109/08/14 | H7: 一式 | K7: 一式 | N7: 施工廠商:柯志龍
A8: 3-1 | B8: 壹、一、1 結構工程 10、11 | C8: 5405 | D8: M3 | E8: 110/05/06 | F8: 34 | G8: M3 | H8: 110/05/06 | J8: V=每批數量(M3) V≦50 取樣2(組) 50≦V<100 取樣3組 100≦V<200 取樣4(組) V>200 INT(V/100)+取樣3(組)。 | K8: =F8 -> 34 | L8: M3 | M8: 合格 | N8: 監造單位:李之杰 | O8: M38A2-J-a-C4B-121 善化二號排水橋兼穿越橋
B9: 結構用混凝土，280kgf/cm2 | E9: 110/05/06 | H9: 2 | I9: 組 | K9: 2 | L9: 組 | N9: 施工廠商:周孝忠
A10: 3-2 | B10: 壹、一、1 結構工程 10、11 | C10: 5405 | D10: M3 | E10: 110/05/17 | F10: 29 | G10: M3 | H10: 110/05/17 | J10: V=每批數量(M3) V≦50 取樣2(組) 50≦V<100 取樣3組 100≦V<200 取樣4(組) V>200 INT(V/100)+取樣3(組)。 | K10: =K8+F10 -> 63 | L10: M3 | M10: 合格 | N10: 監造單位:李之杰 | O10: M38A2-J-a-C4B-125 善化1號橋A1A2橋台止震塊補強
B11: 結構用混凝土，280kgf/cm2 | E11: 110/05/17 | H11: 2 | I11: 組 | K11: =K9+H11 -> 4 | L11: 組 | N11: 施工廠商:周孝忠
A12: 3-3 | B12: 壹、一、1 結構工程 10、11 | C12: 5405 | D12: M3 | E12: 110/07/05 | F12: 68.5 | G12: M3 | H12: =E12 -> 110/07/05 | J12: V=每批數量(M3) V≦50 取樣2(組) 50≦V<100 取樣3組 100≦V<200 取樣4(組) V>200 INT(V/100)+取樣3(組)。 | K12: =K10+F12 -> 131.5 | L12: M3 | M12: 合格 | N12: 監造單位:李之杰 | O12: M38A2-J-a-C4B-145 善化交流道A1A2橋台新增止震塊
B13: 結構用混凝土，280kgf/cm2 | E13: =E12 -> 110/07/05 | H13: 3 | I13: 組 | K13: =K11+H13 -> 7 | L13: 組 | N13: 施工廠商:劉琮誠
A14: 3-4 | B14: 壹、一、1 結構工程 10、11 | C14: 5405 | D14: M3 | E14: 110/07/10 | F14: 4 | G14: M3 | H14: =E14 -> 110/07/10 | J14: V=每批數量(M3) V≦50 取樣2(組) 50≦V<100 取樣3組 100≦V<200 取樣4(組) V>200 INT(V/100)+取樣3(組)。 | K14: =K12+F14 -> 135.5 | L14: M3 | M14: 合格 | N14: 監造單位:林東新 | O14: M38A2-J-a-C4B-146 潭頂溪排水橋P6R-2φ610鋼管樁
B15: 結構用混凝土，280kgf/cm2 | E15: =E14 -> 110/07/10 | H15: 1 | I15: 組 | K15: =K13+H15 -> 8 | L15: 組 | N15: 施工廠商:周孝忠
A16: 3-5 | B16: 壹、一、1 結構工程 10、11 | C16: 5405 | D16: M3 | E16: 110/07/10 | F16: 4 | G16: M3 | H16: =E16 -> 110/07/10 | J16: V=每批數量(M3) V≦50 取樣2(組) 50≦V<100 取樣3組 100≦V<200 取樣4(組) V>200 INT(V/100)+取樣3(組)。 | K16: =K14+F16 -> 139.5 | L16: M3 | M16: 合格 | N16: 監造單位:林東新 | O16: M38A2-J-a-C4B-147 潭頂溪排水橋P6R-3φ610鋼管樁
B17: 結構用混凝土，280kgf/cm2 | E17: =E16 -> 110/07/10 | H17: 1 | I17: 組 | K17: =K15+H17 -> 9 | L17: 組 | N17: 施工廠商:周孝忠
A18: 3-6 | B18: 壹、一、1 結構工程 10、11 | C18: 5405 | D18: M3 | E18: 110/07/14 | F18: 4 | G18: M3 | H18: =E18 -> 110/07/14 | J18: V=每批數量(M3) V≦50 取樣2(組) 50≦V<100 取樣3組 100≦V<200 取樣4(組) V>200 INT(V/100)+取樣3(組)。 | K18: =K16+F18 -> 143.5 | L18: M3 | M18: 合格 | N18: 監造單位:林東新 | O18: M38A2-J-a-C4B-149 潭頂溪排水橋P6L-1φ610鋼管樁
B19: 結構用混凝土，280kgf/cm2 | E19: =E18 -> 110/07/14 | H19: 1 | I19: 組 | K19: =K17+H19 -> 10 | L19: 組 | N19: 施工廠商:劉琮誠
A20: 3-7 | B20: 壹、一、1 結構工程 10、11 | C20: 5405 | D20: M3 | E20: 110/07/14 | F20: 4 | G20: M3 | H20: =E20 -> 110/07/14 | J20: V=每批數量(M3) V≦50 取樣2(組) 50≦V<100 取樣3組 100≦V<200 取樣4(組) V>200 INT(V/100)+取樣3(組)。 | K20: =K18+F20 -> 147.5 | L20: M3 | M20: 合格 | N20: 監造單位:林東新 | O20: M38A2-J-a-C4B-150 潭頂溪排水橋P6L-2φ610鋼管樁
B21: 結構用混凝土，280kgf/cm2 | E21: =E20 -> 110/07/14 | H21: 1 | I21: 組 | K21: =K19+H21 -> 11 | L21: 組 | N21: 施工廠商:劉琮誠
A22: 3-8 | B22: 壹、一、1 結構工程 10、11 | C22: 5405 | D22: M3 | E22: 110/07/14 | F22: 4 | G22: M3 | H22: =E22 -> 110/07/14 | J22: V=每批數量(M3) V≦50 取樣2(組) 50≦V<100 取樣3組 100≦V<200 取樣4(組) V>200 INT(V/100)+取樣3(組)。 | K22: =K20+F22 -> 151.5 | L22: M3 | M22: 合格 | N22: 監造單位:林東新 | O22: M38A2-J-a-C4B-151 潭頂溪排水橋P6L-3φ610鋼管樁
B23: 結構用混凝土，280kgf/cm2 | E23: =E22 -> 110/07/14 | H23: 1 | I23: 組 | K23: =K21+H23 -> 12 | L23: 組 | N23: 施工廠商:劉琮誠
A24: 3-9 | B24: 壹、一、1 結構工程 10、11 | C24: 5405 | D24: M3 | E24: 110/07/14 | F24: 4 | G24: M3 | H24: =E24 -> 110/07/14 | J24: V=每批數量(M3) V≦50 取樣2(組) 50≦V<100 取樣3組 100≦V<200 取樣4(組) V>200 INT(V/100)+取樣3(組)。 | K24: =K22+F24 -> 155.5 | L24: M3 | M24: 合格 | N24: 監造單位:林東新 | O24: M38A2-J-a-C4B-152 潭頂溪排水橋P6L-4φ610鋼管樁
B25: 結構用混凝土，280kgf/cm2 | E25: =E24 -> 110/07/14 | H25: 1 | I25: 組 | K25: =K23+H25 -> 13 | L25: 組 | N25: 施工廠商:劉琮誠
A26: 3-10 | B26: 壹、一、1 結構工程 10、11 | C26: 5405 | D26: M3 | E26: 110/07/14 | F26: 4 | G26: M3 | H26: =E26 -> 110/07/14 | J26: V=每批數量(M3) V≦50 取樣2(組) 50≦V<100 取樣3組 100≦V<200 取樣4(組) V>200 INT(V/100)+取樣3(組)。 | K26: =K24+F26 -> 159.5 | L26: M3 | M26: 合格 | N26: 監造單位:林東新 | O26: M38A2-J-a-C4B-153 潭頂溪排水橋P6R-1φ610鋼管樁
B27: 結構用混凝土，280kgf/cm2 | E27: =E26 -> 110/07/14 | H27: 1 | I27: 組 | K27: =K25+H27 -> 14 | L27: 組 | N27: 施工廠商:劉琮誠
A28: 3-11 | B28: 壹、一、1 結構工程 10、11 | C28: 5405 | D28: M3 | E28: 110/07/14 | F28: 4 | G28: M3 | H28: =E28 -> 110/07/14 | J28: V=每批數量(M3) V≦50 取樣2(組) 50≦V<100 取樣3組 100≦V<200 取樣4(組) V>200 INT(V/100)+取樣3(組)。 | K28: =K26+F28 -> 163.5 | L28: M3 | M28: 合格 | N28: 監造單位:林東新 | O28: M38A2-J-a-C4B-154 潭頂溪排水橋P6R-4φ610鋼管樁
B29: 結構用混凝土，280kgf/cm2 | E29: =E28 -> 110/07/14 | H29: 1 | I29: 組 | K29: =K27+H29 -> 15 | L29: 組 | N29: 施工廠商:劉琮誠
A30: 3-12 | B30: 壹、一、1 結構工程 10、11 | C30: 5405 | D30: M3 | E30: 110/07/17 | F30: 4 | G30: M3 | H30: =E30 -> 110/07/17 | J30: V=每批數量(M3) V≦50 取樣2(組) 50≦V<100 取樣3組 100≦V<200 取樣4(組) V>200 INT(V/100)+取樣3(組)。 | K30: =K28+F30 -> 167.5 | L30: M3 | M30: 合格 | N30: 監造單位:李秉融 | O30: M38A2-J-a-C4B-155 潭頂溪排水橋P7L-1φ610鋼管樁
B31: 結構用混凝土，280kgf/cm2 | E31: =E30 -> 110/07/17 | H31: 1 | I31: 組 | K31: =K29+H31 -> 16 | L31: 組 | N31: 施工廠商:劉琮誠
A32: 3-13 | B32: 壹、一、1 結構工程 10、11 | C32: 5405 | D32: M3 | E32: 110/07/17 | F32: 4 | G32: M3 | H32: =E32 -> 110/07/17 | J32: V=每批數量(M3) V≦50 取樣2(組) 50≦V<100 取樣3組 100≦V<200 取樣4(組) V>200 INT(V/100)+取樣3(組)。 | K32: =K30+F32 -> 171.5 | L32: M3 | M32: 合格 | N32: 監造單位:李秉融 | O32: M38A2-J-a-C4B-156 潭頂溪排水橋P7L-2φ610鋼管樁
B33: 結構用混凝土，280kgf/cm2 | E33: =E32 -> 110/07/17 | H33: 1 | I33: 組 | K33: =K31+H33 -> 17 | L33: 組 | N33: 施工廠商:劉琮誠
A34: 3-14 | B34: 壹、一、1 結構工程 10、11 | C34: 5405 | D34: M3 | E34: 110/07/17 | F34: 4 | G34: M3 | H34: =E34 -> 110/07/17 | J34: V=每批數量(M3) V≦50 取樣2(組) 50≦V<100 取樣3組 100≦V<200 取樣4(組) V>200 INT(V/100)+取樣3(組)。 | K34: =K32+F34 -> 175.5 | L34: M3 | M34: 合格 | N34: 監造單位:李秉融 | O34: M38A2-J-a-C4B-157 潭頂溪排水橋P7L-5φ610鋼管樁
B35: 結構用混凝土，280kgf/cm2 | E35: =E34 -> 110/07/17 | H35: 1 | I35: 組 | K35: =K33+H35 -> 18 | L35: 組 | N35: 施工廠商:劉琮誠
A36: 3-15 | B36: 壹、一、1 結構工程 10、11 | C36: 5405 | D36: M3 | E36: 110/07/17 | F36: 4 | G36: M3 | H36: =E36 -> 110/07/17 | J36: V=每批數量(M3) V≦50 取樣2(組) 50≦V<100 取樣3組 100≦V<200 取樣4(組) V>200 INT(V/100)+取樣3(組)。 | K36: =K34+F36 -> 179.5 | L36: M3 | M36: 合格 | N36: 監造單位:李秉融 | O36: M38A2-J-a-C4B-158 潭頂溪排水橋P7L-6φ610鋼管樁
B37: 結構用混凝土，280kgf/cm2 | E37: =E36 -> 110/07/17 | H37: 1 | I37: 組 | K37: =K35+H37 -> 19 | L37: 組 | N37: 施工廠商:劉琮誠
A38: 3-16 | B38: 壹、一、1 結構工程 10、11 | C38: 5405 | D38: M3 | E38: 110/07/21 | F38: 4 | G38: M3 | H38: =E38 -> 110/07/21 | J38: V=每批數量(M3) V≦50 取樣2(組) 50≦V<100 取樣3組 100≦V<200 取樣4(組) V>200 INT(V/100)+取樣3(組)。 | K38: =K36+F38 -> 183.5 | L38: M3 | M38: 合格 | N38: 監造單位:李秉融 | O38: M38A2-J-a-C4B-159 潭頂溪排水橋P7L-3φ610鋼管樁
B39: 結構用混凝土，280kgf/cm2 | E39: =E38 -> 110/07/21 | H39: 1 | I39: 組 | K39: =K37+H39 -> 20 | L39: 組 | N39: 施工廠商:劉琮誠
A40: 3-17 | B40: 壹、一、1 結構工程 10、11 | C40: 5405 | D40: M3 | E40: 110/07/21 | F40: 4 | G40: M3 | H40: =E40 -> 110/07/21 | J40: V=每批數量(M3) V≦50 取樣2(組) 50≦V<100 取樣3組 100≦V<200 取樣4(組) V>200 INT(V/100)+取樣3(組)。 | K40: =K38+F40 -> 187.5 | L40: M3 | M40: 合格 | N40: 監造單位:李秉融 | O40: M38A2-J-a-C4B-160 潭頂溪排水橋P7L-4φ610鋼管樁
B41: 結構用混凝土，280kgf/cm2 | E41: =E40 -> 110/07/21 | H41: 1 | I41: 組 | K41: =K39+H41 -> 21 | L41: 組 | N41: 施工廠商:劉琮誠
A42: 3-18 | B42: 壹、一、1 結構工程 10、11 | C42: 5405 | D42: M3 | E42: 110/07/21 | F42: 4 | G42: M3 | H42: =E42 -> 110/07/21 | J42: V=每批數量(M3) V≦50 取樣2(組) 50≦V<100 取樣3組 100≦V<200 取樣4(組) V>200 INT(V/100)+取樣3(組)。 | K42: =K40+F42 -> 191.5 | L42: M3 | M42: 合格 | N42: 監造單位:李秉融 | O42: M38A2-J-a-C4B-161 潭頂溪排水橋P7L-7φ610鋼管樁
B43: 結構用混凝土，280kgf/cm2 | E43: =E42 -> 110/07/21 | H43: 1 | I43: 組 | K43: =K41+H43 -> 22 | L43: 組 | N43: 施工廠商:劉琮誠
A44: 3-19 | B44: 壹、一、1 結構工程 10、11 | C44: 5405 | D44: M3 | E44: 110/07/21 | F44: 4 | G44: M3 | H44: =E44 -> 110/07/21 | J44: V=每批數量(M3) V≦50 取樣2(組) 50≦V<100 取樣3組 100≦V<200 取樣4(組) V>200 INT(V/100)+取樣3(組)。 | K44: =K42+F44 -> 195.5 | L44: M3 | M44: 合格 | N44: 監造單位:李秉融 | O44: M38A2-J-a-C4B-162 潭頂溪排水橋P7L-8φ610鋼管樁
B45: 結構用混凝土，280kgf/cm2 | E45: =E44 -> 110/07/21 | H45: 1 | I45: 組 | K45: =K43+H45 -> 23 | L45: 組 | N45: 施工廠商:劉琮誠
A46: 3-20 | B46: 壹、一、1 結構工程 10、11 | C46: 5405 | D46: M3 | E46: 110/07/24 | F46: 4 | G46: M3 | H46: =E46 -> 110/07/24 | J46: V=每批數量(M3) V≦50 取樣2(組) 50≦V<100 取樣3組 100≦V<200 取樣4(組) V>200 INT(V/100)+取樣3(組)。 | K46: =K44+F46 -> 199.5 | L46: M3 | M46: 合格 | N46: 監造單位:吳豐文 | O46: M38A2-J-a-C4B-164 潭頂溪排水橋P7R-7φ610鋼管樁
B47: 結構用混凝土，280kgf/cm2 | E47: =E46 -> 110/07/24 | H47: 1 | I47: 組 | K47: =K45+H47 -> 24 | L47: 組 | N47: 施工廠商:劉琮誠
A48: 3-21 | B48: 壹、一、1 結構工程 10、11 | C48: 5405 | D48: M3 | E48: 110/07/24 | F48: 4 | G48: M3 | H48: =E48 -> 110/07/24 | J48: V=每批數量(M3) V≦50 取樣2(組) 50≦V<100 取樣3組 100≦V<200 取樣4(組) V>200 INT(V/100)+取樣3(組)。 | K48: =K46+F48 -> 203.5 | L48: M3 | M48: 合格 | N48: 監造單位:吳豐文 | O48: M38A2-J-a-C4B-165 潭頂溪排水橋P7R-8φ610鋼管樁
B49: 結構用混凝土，280kgf/cm2 | E49: =E48 -> 110/07/24 | H49: 1 | I49: 組 | K49: =K47+H49 -> 25 | L49: 組 | N49: 施工廠商:劉琮誠
A50: 3-22 | B50: 壹、一、1 結構工程 10、11 | C50: 5405 | D50: M3 | E50: 110/07/26 | F50: 4 | G50: M3 | H50: =E50 -> 110/07/26 | J50: V=每批數量(M3) V≦50 取樣2(組) 50≦V<100 取樣3組 100≦V<200 取樣4(組) V>200 INT(V/100)+取樣3(組)。 | K50: =K48+F50 -> 207.5 | L50: M3 | M50: 合格 | N50: 監造單位:林東新 | O50: M38A2-J-a-C4B-166 潭頂溪排水橋P7R-3φ610鋼管樁
B51: 結構用混凝土，280kgf/cm2 | E51: =E50 -> 110/07/26 | H51: 1 | I51: 組 | K51: =K49+H51 -> 26 | L51: 組 | N51: 施工廠商:劉琮誠
A52: 3-23 | B52: 壹、一、1 結構工程 10、11 | C52: 5405 | D52: M3 | E52: 110/07/26 | F52: 4 | G52: M3 | H52: =E52 -> 110/07/26 | J52: V=每批數量(M3) V≦50 取樣2(組) 50≦V<100 取樣3組 100≦V<200 取樣4(組) V>200 INT(V/100)+取樣3(組)。 | K52: =K50+F52 -> 211.5 | L52: M3 | M52: 合格 | N52: 監造單位:林東新 | O52: M38A2-J-a-C4B-167 潭頂溪排水橋P7R-4φ610鋼管樁
B53: 結構用混凝土，280kgf/cm2 | E53: =E52 -> 110/07/26 | H53: 1 | I53: 組 | K53: =K51+H53 -> 27 | L53: 組 | N53: 施工廠商:劉琮誠
A54: 3-24 | B54: 壹、一、1 結構工程 10、11 | C54: 5405 | D54: M3 | E54: 110/07/28 | F54: 4 | G54: M3 | H54: =E54 -> 110/07/28 | J54: V=每批數量(M3) V≦50 取樣2(組) 50≦V<100 取樣3組 100≦V<200 取樣4(組) V>200 INT(V/100)+取樣3(組)。 | K54: =K52+F54 -> 215.5 | L54: M3 | M54: 合格 | N54: 監造單位:林東新 | O54: M38A2-J-a-C4B-169 潭頂溪排水橋P7R-1φ610鋼管樁
B55: 結構用混凝土，280kgf/cm2 | E55: =E54 -> 110/07/28 | H55: 1 | I55: 組 | K55: =K53+H55 -> 28 | L55: 組 | N55: 施工廠商:劉琮誠
A56: 3-25 | B56: 壹、一、1 結構工程 10、11 | C56: 5405 | D56: M3 | E56: 110/07/28 | F56: 4 | G56: M3 | H56: =E56 -> 110/07/28 | J56: V=每批數量(M3) V≦50 取樣2(組) 50≦V<100 取樣3組 100≦V<200 取樣4(組) V>200 INT(V/100)+取樣3(組)。 | K56: =K54+F56 -> 219.5 | L56: M3 | M56: 合格 | N56: 監造單位:林東新 | O56: M38A2-J-a-C4B-170 潭頂溪排水橋P7R-2φ610鋼管樁
B57: 結構用混凝土，280kgf/cm2 | E57: =E56 -> 110/07/28 | H57: 1 | I57: 組 | K57: =K55+H57 -> 29 | L57: 組 | N57: 施工廠商:劉琮誠
A58: 3-25 | B58: 壹、一、1 結構工程 10、11 | C58: 5405 | D58: M3 | E58: 110/07/28 | F58: 4 | G58: M3 | H58: =E58 -> 110/07/28 | J58: V=每批數量(M3) V≦50 取樣2(組) 50≦V<100 取樣3組 100≦V<200 取樣4(組) V>200 INT(V/100)+取樣3(組)。 | K58: =K56+F58 -> 223.5 | L58: M3 | M58: 合格 | N58: 監造單位:林東新 | O58: M38A2-J-a-C4B-171 潭頂溪排水橋P7R-5φ610鋼管樁
B59: 結構用混凝土，280kgf/cm2 | E59: =E58 -> 110/07/28 | H59: 1 | I59: 組 | K59: =K57+H59 -> 30 | L59: 組 | N59: 施工廠商:劉琮誠
A60: 3-26 | B60: 壹、一、1 結構工程 10、11 | C60: 5405 | D60: M3 | E60: 110/07/28 | F60: 4 | G60: M3 | H60: =E60 -> 110/07/28 | J60: V=每批數量(M3) V≦50 取樣2(組) 50≦V<100 取樣3組 100≦V<200 取樣4(組) V>200 INT(V/100)+取樣3(組)。 | K60: =K58+F60 -> 227.5 | L60: M3 | M60: 合格 | N60: 監造單位:林東新 | O60: M38A2-J-a-C4B-172 潭頂溪排水橋P7R-6φ610鋼管樁
B61: 結構用混凝土，280kgf/cm2 | E61: =E60 -> 110/07/28 | H61: 1 | I61: 組 | K61: =K59+H61 -> 31 | L61: 組 | N61: 施工廠商:劉琮誠
A62: 3-26 | B62: 壹、一、1 結構工程 10、11 | C62: 5405 | D62: M3 | E62: 110/10/12 | F62: 20 | G62: M3 | H62: =E62 -> 110/10/12 | J62: V=每批數量(M3) V≦50 取樣2(組) 50≦V<100 取樣3組 100≦V<200 取樣4(組) V>200 INT(V/100)+取樣3(組)。 | K62: =K60+F62 -> 247.5 | L62: M3 | M62: 合格 | N62: 監造單位:李秉融 | O62: M38A2-J-a-C4B-177 潭頂溪排水橋A2橋台
B63: 結構用混凝土，280kgf/cm2 | E63: =E62 -> 110/10/12 | H63: 1 | I63: 組 | K63: =K61+H63 -> 32 | L63: 組 | N63: 施工廠商:劉琮誠
A64: 3-27 | B64: 壹、一、1 結構工程 10、11 | C64: 5405 | D64: M3 | E64: 110/11/4 | F64: 32 | G64: M3 | H64: =E64 -> 110/11/4 | J64: V=每批數量(M3) V≦50 取樣2(組) 50≦V<100 取樣3組 100≦V<200 取樣4(組) V>200 INT(V/100)+取樣3(組)。 | K64: =K62+F64 -> 279.5 | L64: M3 | M64: 合格 | N64: 監造單位:李秉融 | O64: M38A2-J-a-C4B-180 潭頂溪排水橋P6RL墩柱第一升層
B65: 結構用混凝土，280kgf/cm2 | E65: =E64 -> 110/11/4 | H65: 2 | I65: 組 | K65: =K63+H65 -> 34 | L65: 組 | N65: 施工廠商:劉琮誠
A66: 3-28 | B66: 壹、一、1 結構工程 10、11 | C66: 5405 | D66: M3 | E66: 110/11/10 | F66: 48 | G66: M3 | H66: =E66 -> 110/11/10 | J66: V=每批數量(M3) V≦50 取樣2(組) 50≦V<100 取樣3組 100≦V<200 取樣4(組) V>200 INT(V/100)+取樣3(組)。 | K66: =K64+F66 -> 327.5 | L66: M3 | M66: 合格 | N66: 監造單位:吳英傑 | O66: M38A2-J-a-C4B-181 潭頂溪排水橋P3RL墩柱第一升層(含錨栓護座)
B67: 結構用混凝土，280kgf/cm2 | E67: =E66 -> 110/11/10 | H67: 2 | I67: 組 | K67: =K65+H67 -> 36 | L67: 組 | N67: 施工廠商:石錦茹
A68: 3-29 | B68: 壹、一、1 結構工程 10、11 | C68: 5405 | D68: M3 | E68: 110/11/23 | F68: 42 | G68: M3 | H68: =E68 -> 110/11/23 | J68: V=每批數量(M3) V≦50 取樣2(組) 50≦V<100 取樣3組 100≦V<200 取樣4(組) V>200 INT(V/100)+取樣3(組)。 | K68: =K66+F68 -> 369.5 | L68: M3 | M68: 合格 | N68: 監造單位:李之杰 | O68: M38A2-J-a-C4B-182 糖鐵二號穿越橋A1、A2橋台新增止震塊
B69: 結構用混凝土，280kgf/cm2 | E69: =E68 -> 110/11/23 | H69: 2 | I69: 組 | K69: =K67+H69 -> 38 | L69: 組 | N69: 施工廠商:石錦茹
A70: 3-30 | B70: 壹、一、1 結構工程 10、11 | C70: 5405 | D70: M3 | E70: 110/11/26 | F70: 4 | G70: M3 | H70: =E70 -> 110/11/26 | J70: V=每批數量(M3) V≦50 取樣2(組) 50≦V<100 取樣3組 100≦V<200 取樣4(組) V>200 INT(V/100)+取樣3(組)。 | K70: =K68+F70 -> 373.5 | L70: M3 | M70: 合格 | N70: 監造單位:吳英傑 | O70: M38A2-J-a-C4B-187 171甲穿越橋P2R-8鋼管樁
B71: 結構用混凝土，280kgf/cm2 | E71: =E70 -> 110/11/26 | H71: 1 | I71: 組 | K71: =K69+H71 -> 39 | L71: 組 | N71: 施工廠商:石錦茹
A72: 3-31 | B72: 壹、一、1 結構工程 10、11 | C72: 5405 | D72: M3 | E72: 110/11/26 | F72: 4 | G72: M3 | H72: =E72 -> 110/11/26 | J72: V=每批數量(M3) V≦50 取樣2(組) 50≦V<100 取樣3組 100≦V<200 取樣4(組) V>200 INT(V/100)+取樣3(組)。 | K72: =K70+F72 -> 377.5 | L72: M3 | M72: 合格 | N72: 監造單位:吳英傑 | O72: M38A2-J-a-C4B-188 171甲穿越橋P2R-9鋼管樁
B73: 結構用混凝土，280kgf/cm2 | E73: =E72 -> 110/11/26 | H73: 1 | I73: 組 | K73: =K71+H73 -> 40 | L73: 組 | N73: 施工廠商:石錦茹
A74: 3-32 | B74: 壹、一、1 結構工程 10、11 | C74: 5405 | D74: M3 | E74: 110/11/29 | F74: 4 | G74: M3 | H74: =E74 -> 110/11/29 | J74: V=每批數量(M3) V≦50 取樣2(組) 50≦V<100 取樣3組 100≦V<200 取樣4(組) V>200 INT(V/100)+取樣3(組)。 | K74: =K72+F74 -> 381.5 | L74: M3 | M74: 合格 | N74: 監造單位:李秉融 | O74: M38A2-J-a-C4B-191 南117穿越橋P2R-1鋼管樁
B75: 結構用混凝土，280kgf/cm2 | E75: =E74 -> 110/11/29 | H75: 1 | I75: 組 | K75: =K73+H75 -> 41 | L75: 組 | N75: 施工廠商:周孝忠
A76: 3-33 | B76: 壹、一、1 結構工程 10、11 | C76: 5405 | D76: M3 | E76: 110/11/29 | F76: 4 | G76: M3 | H76: =E76 -> 110/11/29 | J76: V=每批數量(M3) V≦50 取樣2(組) 50≦V<100 取樣3組 100≦V<200 取樣4(組) V>200 INT(V/100)+取樣3(組)。 | K76: =K74+F76 -> 385.5 | L76: M3 | M76: 合格 | N76: 監造單位:李秉融 | O76: M38A2-J-a-C4B-192 南117穿越橋P2R-2鋼管樁
B77: 結構用混凝土，280kgf/cm2 | E77: =E76 -> 110/11/29 | H77: 1 | I77: 組 | K77: =K75+H77 -> 42 | L77: 組 | N77: 施工廠商:周孝忠
A78: 3-34 | B78: 壹、一、1 結構工程 10、11 | C78: 5405 | D78: M3 | E78: 110/11/29 | F78: 4 | G78: M3 | H78: =E78 -> 110/11/29 | J78: V=每批數量(M3) V≦50 取樣2(組) 50≦V<100 取樣3組 100≦V<200 取樣4(組) V>200 INT(V/100)+取樣3(組)。 | K78: =K76+F78 -> 389.5 | L78: M3 | M78: 合格 | N78: 監造單位:李秉融 | O78: M38A2-J-a-C4B-193 南117穿越橋P2R-3鋼管樁
B79: 結構用混凝土，280kgf/cm2 | E79: =E78 -> 110/11/29 | H79: 1 | I79: 組 | K79: =K77+H79 -> 43 | L79: 組 | N79: 施工廠商:周孝忠
A80: 3-35 | B80: 壹、一、1 結構工程 10、11 | C80: 5405 | D80: M3 | E80: 110/11/30 | F80: 25 | G80: M3 | H80: =E80 -> 110/11/30 | J80: V=每批數量(M3) V≦50 取樣2(組) 50≦V<100 取樣3組 100≦V<200 取樣4(組) V>200 INT(V/100)+取樣3(組)。 | K80: =K78+F80 -> 414.5 | L80: M3 | M80: 合格 | N80: 監造單位:吳英傑 | O80: M38A2-J-a-C4B-195 潭頂溪排水橋P6RL墩柱第二升層
B81: 結構用混凝土，280kgf/cm2 | E81: =E80 -> 110/11/30 | H81: 2 | I81: 組 | K81: =K79+H81 -> 45 | L81: 組 | N81: 施工廠商:石錦茹
A82: 3-36 | B82: 壹、一、1 結構工程 10、11 | C82: 5405 | D82: M3 | E82: 110/12/01 | F82: 4 | G82: M3 | H82: =E82 -> 110/12/01 | J82: V=每批數量(M3) V≦50 取樣2(組) 50≦V<100 取樣3組 100≦V<200 取樣4(組) V>200 INT(V/100)+取樣3(組)。 | K82: =K80+F82 -> 418.5 | L82: M3 | M82: 合格 | N82: 監造單位:李之杰 | O82: M38A2-J-a-C4B-198 171甲穿越橋P2R-10鋼管樁
B83: 結構用混凝土，280kgf/cm2 | E83: =E82 -> 110/12/01 | H83: 1 | I83: 組 | K83: =K81+H83 -> 46 | L83: 組 | N83: 施工廠商:劉琮誠
A84: 3-37 | B84: 壹、一、1 結構工程 10、11 | C84: 5405 | D84: M3 | E84: 110/12/01 | F84: 4 | G84: M3 | H84: =E84 -> 110/12/01 | J84: V=每批數量(M3) V≦50 取樣2(組) 50≦V<100 取樣3組 100≦V<200 取樣4(組) V>200 INT(V/100)+取樣3(組)。 | K84: =K82+F84 -> 422.5 | L84: M3 | M84: 合格 | N84: 監造單位:李之杰 | O84: M38A2-J-a-C4B-199 171甲穿越橋P2R-11鋼管樁
B85: 結構用混凝土，280kgf/cm2 | E85: =E84 -> 110/12/01 | H85: 1 | I85: 組 | K85: =K83+H85 -> 47 | L85: 組 | N85: 施工廠商:劉琮誠
A86: 3-38 | B86: 壹、一、1 結構工程 10、11 | C86: 5405 | D86: M3 | E86: 110/12/06 | F86: 4 | G86: M3 | H86: =E86 -> 110/12/06 | J86: V=每批數量(M3) V≦50 取樣2(組) 50≦V<100 取樣3組 100≦V<200 取樣4(組) V>200 INT(V/100)+取樣3(組)。 | K86: =K84+F86 -> 426.5 | L86: M3 | M86: 合格 | N86: 監造單位:李之杰 | O86: M38A2-J-a-C4B-200 171甲穿越橋P2R-6鋼管樁
B87: 結構用混凝土，280kgf/cm2 | E87: =E86 -> 110/12/06 | H87: 1 | I87: 組 | K87: =K85+H87 -> 48 | L87: 組 | N87: 施工廠商:劉琮誠
A88: 3-39 | B88: 壹、一、1 結構工程 10、11 | C88: 5405 | D88: M3 | E88: 110/12/06 | F88: 4 | G88: M3 | H88: =E88 -> 110/12/06 | J88: V=每批數量(M3) V≦50 取樣2(組) 50≦V<100 取樣3組 100≦V<200 取樣4(組) V>200 INT(V/100)+取樣3(組)。 | K88: =K86+F88 -> 430.5 | L88: M3 | M88: 合格 | N88: 監造單位:吳英傑 | O88: M38A2-J-a-C4B-201 171甲穿越橋P2R-7鋼管樁
B89: 結構用混凝土，280kgf/cm2 | E89: =E88 -> 110/12/06 | H89: 1 | I89: 組 | K89: =K87+H89 -> 49 | L89: 組 | N89: 施工廠商:石錦茹
A90: 3-40 | B90: 壹、一、1 結構工程 10、11 | C90: 5405 | D90: M3 | E90: 110/12/09 | F90: 4 | G90: M3 | H90: =E90 -> 110/12/09 | J90: V=每批數量(M3) V≦50 取樣2(組) 50≦V<100 取樣3組 100≦V<200 取樣4(組) V>200 INT(V/100)+取樣3(組)。 | K90: =K88+F90 -> 434.5 | L90: M3 | M90: 合格 | N90: 監造單位:李秉融 | O90: M38A2-J-a-C4B-203 171甲穿越橋P2R-4鋼管樁
B91: 結構用混凝土，280kgf/cm2 | E91: =E90 -> 110/12/09 | H91: 1 | I91: 組 | K91: =K89+H91 -> 50 | L91: 組 | N91: 施工廠商:劉琮誠
A92: 3-41 | B92: 壹、一、1 結構工程 10、11 | C92: 5405 | D92: M3 | E92: 110/12/09 | F92: 4 | G92: M3 | H92: =E92 -> 110/12/09 | J92: V=每批數量(M3) V≦50 取樣2(組) 50≦V<100 取樣3組 100≦V<200 取樣4(組) V>200 INT(V/100)+取樣3(組)。 | K92: =K90+F92 -> 438.5 | L92: M3 | M92: 合格 | N92: 監造單位:李秉融 | O92: M38A2-J-a-C4B-204 171甲穿越橋P2R-5鋼管樁
B93: 結構用混凝土，280kgf/cm2 | E93: =E92 -> 110/12/09 | H93: 1 | I93: 組 | K93: =K91+H93 -> 51 | L93: 組 | N93: 施工廠商:劉琮誠
A94: 3-42 | B94: 壹、一、1 結構工程 10、11 | C94: 5405 | D94: M3 | E94: 110/12/09 | F94: 4 | G94: M3 | H94: =E94 -> 110/12/09 | J94: V=每批數量(M3) V≦50 取樣2(組) 50≦V<100 取樣3組 100≦V<200 取樣4(組) V>200 INT(V/100)+取樣3(組)。 | K94: =K92+F94 -> 442.5 | L94: M3 | M94: 合格 | N94: 監造單位:李秉融 | O94: M38A2-J-a-C4B-205 南117穿越橋P1L-11鋼管樁
B95: 結構用混凝土，280kgf/cm2 | E95: =E94 -> 110/12/09 | H95: 1 | I95: 組 | K95: =K93+H95 -> 52 | L95: 組 | N95: 施工廠商:劉琮誠
A96: 3-43 | B96: 壹、一、1 結構工程 10、11 | C96: 5405 | D96: M3 | E96: 110/12/09 | F96: 4 | G96: M3 | H96: =E96 -> 110/12/09 | J96: V=每批數量(M3) V≦50 取樣2(組) 50≦V<100 取樣3組 100≦V<200 取樣4(組) V>200 INT(V/100)+取樣3(組)。 | K96: =K94+F96 -> 446.5 | L96: M3 | M96: 合格 | N96: 監造單位:李秉融 | O96: M38A2-J-a-C4B-206 南117穿越橋P1L-12鋼管樁
B97: 結構用混凝土，280kgf/cm2 | E97: =E96 -> 110/12/09 | H97: 1 | I97: 組 | K97: =K95+H97 -> 53 | L97: 組 | N97: 施工廠商:劉琮誠
A98: 3-44 | B98: 壹、一、1 結構工程 10、11 | C98: 5405 | D98: M3 | E98: 110/12/09 | F98: 4 | G98: M3 | H98: =E98 -> 110/12/09 | J98: V=每批數量(M3) V≦50 取樣2(組) 50≦V<100 取樣3組 100≦V<200 取樣4(組) V>200 INT(V/100)+取樣3(組)。 | K98: =K96+F98 -> 450.5 | L98: M3 | M98: 合格 | N98: 監造單位:李秉融 | O98: M38A2-J-a-C4B-207 南117穿越橋P1L-13鋼管樁
B99: 結構用混凝土，280kgf/cm2 | E99: =E98 -> 110/12/09 | H99: 1 | I99: 組 | K99: =K97+H99 -> 54 | L99: 組 | N99: 施工廠商:劉琮誠
A100: 3-45 | B100: 壹、一、1 結構工程 10、11 | C100: 5405 | D100: M3 | E100: 110/12/09 | F100: 4 | G100: M3 | H100: =E100 -> 110/12/09 | J100: V=每批數量(M3) V≦50 取樣2(組) 50≦V<100 取樣3組 100≦V<200 取樣4(組) V>200 INT(V/100)+取樣3(組)。 | K100: =K98+F100 -> 454.5 | L100: M3 | M100: 合格 | N100: 監造單位:李秉融 | O100: M38A2-J-a-C4B-208 南117穿越橋P1L-14鋼管樁
...

Sheet 混凝土 315W KGF CM3 贊洲  
A1: 國道高速公路後續路段橋梁耐震補強工程(區段2-1)第M38A2標-烏山頭新化段 材料設備檢(試)驗管制總表 製表資料日期:110/02/18止
A2: 項次 | B2: 契約詳細表項次 | C2: 契約數量 | E2: 預定進場日期 | F2: 進場數量 | H2: 抽樣日期 | J2: 規定抽(取)樣頻率 | K2: 累積進場數量 | M2: 抽試驗結果 | N2: 抽驗及會同人員 | O2: 備註
B3: 材料(設備)名稱 | E3: 實際進場日期 | H3: 抽樣數量 | K3: 累積抽樣數量 | O3: (歸檔編號)
A4: 4 | B4: 壹、一、1 結構工程49~51 | C4: 16482 | D4: M3 | E4: 109/08/14 | F4: 一式 | G4: M3 | H4: 109/08/14 | J4: V=每批數量(M3) V≦50 取樣2(組) 50≦V<100 取樣3組 100≦V<200 取樣4(組) V>200 INT(V/100)+取樣3(組)。 | K4: 一式 | M4: 合格 | N4: 監造單位:李秉融 | O4: 贊洲:109.07.28棪嘉南(A2)監字第10907060號函廠商核定。 109.07.24 驗廠取樣。 109.08.14 315W廠拌。 109.08.28 80、245、280、350SCC廠拌)。 M38A2-J-a-C1-006。 | P4: 1100224
B5: 全套管鑽掘樁，315W kgf/cm2 | E5: 109/08/14 | H5: 一式 | K5: 一式 | N5: 施工廠商:柯志龍
A6: 4-1 | B6: 壹、一、1 結構工程49~51 | C6: 16482 | D6: M3 | E6: 109/11/26 | F6: 40 | G6: M3 | H6: 109/10/23 | J6: V=每批數量(M3) V≦50 取樣2(組) 50≦V<100 取樣3組 100≦V<200 取樣4(組) V>200 INT(V/100)+取樣3(組)。 | K6: 40 | L6: M3 | M6: 合格 | N6: 監造單位:黃敏賢 | O6: M38A2-J-a-C4A-003 官田溪河川橋P19R側試驗裝
B7: 全套管鑽掘樁，315W kgf/cm2 | E7: 109/10/23 | H7: 2 | I7: 組 | K7: =H7 -> 2 | L7: 組 | N7: 施工廠商:蘇俊男
A8: 4-2 | B8: 壹、一、1 結構工程49~51 | C8: 16482 | D8: M3 | E8: 109/10/28 | F8: 36 | G8: M3 | H8: 109/10/28 | J8: V=每批數量(M3) V≦50 取樣2(組) 50≦V<100 取樣3組 100≦V<200 取樣4(組) V>200 INT(V/100)+取樣3(組)。 | K8: 76 | L8: M3 | M8: 合格 | N8: 監造單位:黃敏賢 | O8: M38A2-J-a-C4A-004 渡子頭二號橋P1R3基樁
B9: 全套管鑽掘樁，315W kgf/cm2 | E9: 109/10/28 | H9: 2 | I9: 組 | K9: =K7+H9 -> 4 | L9: 組 | N9: 施工廠商:蘇俊男
A10: 4-3 | B10: 壹、一、1 結構工程49~51 | C10: 16482 | D10: M3 | E10: 109/10/30 | F10: 36 | G10: M3 | H10: 109/10/30 | J10: V=每批數量(M3) V≦50 取樣2(組) 50≦V<100 取樣3組 100≦V<200 取樣4(組) V>200 INT(V/100)+取樣3(組)。 | K10: 112 | L10: M3 | M10: 合格 | N10: 監造單位:吳英傑 | O10: M38A2-J-a-C4A-005 渡子頭二號橋P1R2基樁
B11: 全套管鑽掘樁，315W kgf/cm2 | E11: 109/10/30 | H11: 2 | I11: 組 | K11: =K9+H11 -> 6 | L11: 組 | N11: 施工廠商:蘇俊男
A12: 4-4 | B12: 壹、一、1 結構工程49~51 | C12: 16482 | D12: M3 | E12: 109/10/31 | F12: 40 | G12: M3 | H12: 109/10/31 | J12: V=每批數量(M3) V≦50 取樣2(組) 50≦V<100 取樣3組 100≦V<200 取樣4(組) V>200 INT(V/100)+取樣3(組)。 | K12: 152 | L12: M3 | M12: 合格 | N12: 監造單位:李秉融 | O12: M38A2-J-a-C4A-007 渡子頭二號橋P3R3基樁
B13: 全套管鑽掘樁，315W kgf/cm2 | E13: 109/10/31 | H13: 2 | I13: 組 | K13: =K11+H13 -> 8 | L13: 組 | N13: 施工廠商:柯志龍
A14: 4-5 | B14: 壹、一、1 結構工程49~51 | C14: 16482 | D14: M3 | E14: 109/11/2 | F14: 42.5 | G14: M3 | H14: 109/11/2 | J14: V=每批數量(M3) V≦50 取樣2(組) 50≦V<100 取樣3組 100≦V<200 取樣4(組) V>200 INT(V/100)+取樣3(組)。 | K14: 194.5 | L14: M3 | M14: 合格 | N14: 監造單位:李秉融 | O14: M38A2-J-a-C4A-010 渡子頭二號橋P1R1基樁
B15: 全套管鑽掘樁，315W kgf/cm2 | E15: 109/11/2 | H15: 2 | I15: 組 | K15: =K13+H15 -> 10 | L15: 組 | N15: 施工廠商:蘇俊男
A16: 4-6 | B16: 壹、一、1 結構工程49~51 | C16: 16482 | D16: M3 | E16: 109/11/3 | F16: 38 | G16: M3 | H16: 109/11/3 | J16: V=每批數量(M3) V≦50 取樣2(組) 50≦V<100 取樣3組 100≦V<200 取樣4(組) V>200 INT(V/100)+取樣3(組)。 | K16: 232.5 | L16: M3 | M16: 合格 | N16: 監造單位:吳英傑 | O16: M38A2-J-a-C4A-011 渡子頭二號橋P3R2基樁
B17: 全套管鑽掘樁，315W kgf/cm2 | E17: 109/11/3 | H17: 2 | I17: 組 | K17: =K15+H17 -> 12 | L17: 組 | N17: 施工廠商:蘇俊男
A18: 4-7 | B18: 壹、一、1 結構工程49~51 | C18: 16482 | D18: M3 | E18: 109/11/4 | F18: 33 | G18: M3 | H18: 109/11/4 | J18: V=每批數量(M3) V≦50 取樣2(組) 50≦V<100 取樣3組 100≦V<200 取樣4(組) V>200 INT(V/100)+取樣3(組)。 | K18: 265.5 | L18: M3 | M18: 合格 | N18: 監造單位:李秉融 | O18: M38A2-J-a-C4A-012 官田系統高架橋P7-6試驗樁
B19: 全套管鑽掘樁，315W kgf/cm2 | E19: 109/11/4 | H19: 2 | I19: 組 | K19: =K17+H19 -> 14 | L19: 組 | N19: 施工廠商:黃正泰
A20: 4-8 | B20: 壹、一、1 結構工程49~51 | C20: 16482 | D20: M3 | E20: 109/11/5 | F20: 39 | G20: M3 | H20: 109/11/5 | J20: V=每批數量(M3) V≦50 取樣2(組) 50≦V<100 取樣3組 100≦V<200 取樣4(組) V>200 INT(V/100)+取樣3(組)。 | K20: 304.5 | L20: M3 | M20: 合格 | N20: 監造單位:吳英傑 | O20: M38A2-J-a-C4A-013 渡子頭二號橋P3R1基樁
B21: 全套管鑽掘樁，315W kgf/cm2 | E21: 109/11/5 | H21: 2 | I21: 組 | K21: =K19+H21 -> 16 | L21: 組 | N21: 施工廠商:蘇俊男
A22: 4-9 | B22: 壹、一、1 結構工程49~51 | C22: 16482 | D22: M3 | E22: 109/11/5 | F22: 41 | G22: M3 | H22: 109/11/5 | J22: V=每批數量(M3) V≦50 取樣2(組) 50≦V<100 取樣3組 100≦V<200 取樣4(組) V>200 INT(V/100)+取樣3(組)。 | K22: 345.5 | L22: M3 | M22: 合格 | N22: 監造單位:吳英傑 | O22: M38A2-J-a-C4A-014 渡子頭二號橋P1L3基樁
B23: 全套管鑽掘樁，315W kgf/cm2 | E23: 109/11/5 | H23: 2 | I23: 組 | K23: =K21+H23 -> 18 | L23: 組 | N23: 施工廠商:蘇俊男
A24: 4-10 | B24: 壹、一、1 結構工程49~51 | C24: 16482 | D24: M3 | E24: 109/11/6 | F24: 37 | G24: M3 | H24: 109/11/6 | J24: V=每批數量(M3) V≦50 取樣2(組) 50≦V<100 取樣3組 100≦V<200 取樣4(組) V>200 INT(V/100)+取樣3(組)。 | K24: 382.5 | L24: M3 | M24: 合格 | N24: 監造單位:李秉融 | O24: M38A2-J-a-C4A-015 渡子頭二號橋P1L2基樁
B25: 全套管鑽掘樁，315W kgf/cm2 | E25: 109/11/6 | H25: 2 | I25: 組 | K25: =K23+H25 -> 20 | L25: 組 | N25: 施工廠商:蘇俊男
A26: 4-11 | B26: 壹、一、1 結構工程49~51 | C26: 16482 | D26: M3 | E26: 109/11/6 | F26: 42 | G26: M3 | H26: 109/11/6 | J26: V=每批數量(M3) V≦50 取樣2(組) 50≦V<100 取樣3組 100≦V<200 取樣4(組) V>200 INT(V/100)+取樣3(組)。 | K26: 424.5 | L26: M3 | M26: 合格 | N26: 監造單位:李秉融 | O26: M38A2-J-a-C4A-016 渡子頭二號橋P3L3基樁
B27: 全套管鑽掘樁，315W kgf/cm2 | E27: 109/11/6 | H27: 2 | I27: 組 | K27: =K25+H27 -> 22 | L27: 組 | N27: 施工廠商:蘇俊男
A28: 4-12 | B28: 壹、一、1 結構工程49~51 | C28: 16482 | D28: M3 | E28: 109/11/9 | F28: 40 | G28: M3 | H28: 109/11/9 | J28: V=每批數量(M3) V≦50 取樣2(組) 50≦V<100 取樣3組 100≦V<200 取樣4(組) V>200 INT(V/100)+取樣3(組)。 | K28: 461.5 | L28: M3 | M28: 合格 | N28: 監造單位:李秉融 | O28: M38A2-J-a-C4A-017 渡子頭二號橋P1L1基樁
B29: 全套管鑽掘樁，315W kgf/cm2 | E29: 109/11/9 | H29: 2 | I29: 組 | K29: =K27+H29 -> 24 | L29: 組 | N29: 施工廠商:蘇俊男
A30: 4-13 | B30: 壹、一、1 結構工程49~51 | C30: 16482 | D30: M3 | E30: 109/11/9 | F30: 40 | G30: M3 | H30: 109/11/9 | J30: V=每批數量(M3) V≦50 取樣2(組) 50≦V<100 取樣3組 100≦V<200 取樣4(組) V>200 INT(V/100)+取樣3(組)。 | K30: 501.5 | L30: M3 | M30: 合格 | N30: 監造單位:李秉融 | O30: M38A2-J-a-C4A-018 渡子頭二號橋P3L2基樁
B31: 全套管鑽掘樁，315W kgf/cm2 | E31: 109/11/9 | H31: 2 | I31: 組 | K31: =K29+H31 -> 26 | L31: 組 | N31: 施工廠商:黃正泰
A32: 4-14 | B32: 壹、一、1 結構工程49~51 | C32: 16482 | D32: M3 | E32: 109/11/10 | F32: 37 | G32: M3 | H32: 109/11/10 | J32: V=每批數量(M3) V≦50 取樣2(組) 50≦V<100 取樣3組 100≦V<200 取樣4(組) V>200 INT(V/100)+取樣3(組)。 | K32: 538.5 | L32: M3 | M32: 合格 | N32: 監造單位:李秉融 | O32: M38A2-J-a-C4A-021 渡子頭二號橋P1R6基樁
B33: 全套管鑽掘樁，315W kgf/cm2 | E33: 109/11/10 | H33: 2 | I33: 組 | K33: =K31+H33 -> 28 | L33: 組 | N33: 施工廠商:黃正泰
A34: 4-15 | B34: 壹、一、1 結構工程49~51 | C34: 16482 | D34: M3 | E34: 109/11/11 | F34: 40 | G34: M3 | H34: 109/11/11 | J34: V=每批數量(M3) V≦50 取樣2(組) 50≦V<100 取樣3組 100≦V<200 取樣4(組) V>200 INT(V/100)+取樣3(組)。 | K34: 578.5 | L34: M3 | M34: 合格 | N34: 監造單位:李秉融 | O34: M38A2-J-a-C4A-022 渡子頭二號橋P3L1基樁
B35: 全套管鑽掘樁，315W kgf/cm2 | E35: 109/11/11 | H35: 2 | I35: 組 | K35: =K33+H35 -> 30 | L35: 組 | N35: 施工廠商:蘇俊男
A36: 4-16 | B36: 壹、一、1 結構工程49~51 | C36: 16482 | D36: M3 | E36: 109/11/12 | F36: 36.5 | G36: M3 | H36: 109/11/12 | J36: V=每批數量(M3) V≦50 取樣2(組) 50≦V<100 取樣3組 100≦V<200 取樣4(組) V>200 INT(V/100)+取樣3(組)。 | K36: 615 | L36: M3 | M36: 合格 | N36: 監造單位:吳英傑 | O36: M38A2-J-a-C4A-023 渡子頭二號橋P1R5基樁
B37: 全套管鑽掘樁，315W kgf/cm2 | E37: 109/11/12 | H37: 2 | I37: 組 | K37: =K35+H37 -> 32 | L37: 組 | N37: 施工廠商:蘇俊男
A38: 4-17 | B38: 壹、一、1 結構工程49~51 | C38: 16482 | D38: M3 | E38: 109/11/12 | F38: 41 | G38: M3 | H38: 109/11/12 | J38: V=每批數量(M3) V≦50 取樣2(組) 50≦V<100 取樣3組 100≦V<200 取樣4(組) V>200 INT(V/100)+取樣3(組)。 | K38: 656 | L38: M3 | M38: 合格 | N38: 監造單位:吳英傑 | O38: M38A2-J-a-C4A-024 渡子頭二號橋P3L4基樁
B39: 全套管鑽掘樁，315W kgf/cm2 | E39: 109/11/12 | H39: 2 | I39: 組 | K39: =K37+H39 -> 34 | L39: 組 | N39: 施工廠商:蘇俊男
A40: 4-18 | B40: 壹、一、1 結構工程49~51 | C40: 16482 | D40: M3 | E40: 109/11/13 | F40: 36.5 | G40: M3 | H40: 109/11/13 | J40: V=每批數量(M3) V≦50 取樣2(組) 50≦V<100 取樣3組 100≦V<200 取樣4(組) V>200 INT(V/100)+取樣3(組)。 | K40: 692.5 | L40: M3 | M40: 合格 | N40: 監造單位:李秉融 | O40: M38A2-J-a-C4A-025 渡子頭二號橋P1R4基樁
B41: 全套管鑽掘樁，315W kgf/cm2 | E41: 109/11/13 | H41: 2 | I41: 組 | K41: =K39+H41 -> 36 | L41: 組 | N41: 施工廠商:蘇俊男
A42: 4-19 | B42: 壹、一、1 結構工程49~51 | C42: 16482 | D42: M3 | E42: 109/11/14 | F42: 43 | G42: M3 | H42: 109/11/14 | J42: V=每批數量(M3) V≦50 取樣2(組) 50≦V<100 取樣3組 100≦V<200 取樣4(組) V>200 INT(V/100)+取樣3(組)。 | K42: 735.5 | L42: M3 | M42: 合格 | N42: 監造單位:高開誠 | O42: M38A2-J-a-C4A-026 渡子頭二號橋P3L5基樁
B43: 全套管鑽掘樁，315W kgf/cm2 | E43: 109/11/14 | H43: 2 | I43: 組 | K43: =K41+H43 -> 38 | L43: 組 | N43: 施工廠商:蘇俊男
A44: 4-20 | B44: 壹、一、1 結構工程49~51 | C44: 16482 | D44: M3 | E44: 109/11/16 | F44: 37 | G44: M3 | H44: 109/11/16 | J44: V=每批數量(M3) V≦50 取樣2(組) 50≦V<100 取樣3組 100≦V<200 取樣4(組) V>200 INT(V/100)+取樣3(組)。 | K44: 772.5 | L44: M3 | M44: 合格 | N44: 監造單位:李秉融 | O44: M38A2-J-a-C4A-027 渡子頭二號橋P1L6基樁
B45: 全套管鑽掘樁，315W kgf/cm2 | E45: 109/11/16 | H45: 2 | I45: 組 | K45: =K43+H45 -> 40 | L45: 組 | N45: 施工廠商:蘇俊男
A46: 4-21 | B46: 壹、一、1 結構工程49~51 | C46: 16482 | D46: M3 | E46: 109/11/16 | F46: 41 | G46: M3 | H46: 109/11/16 | J46: V=每批數量(M3) V≦50 取樣2(組) 50≦V<100 取樣3組 100≦V<200 取樣4(組) V>200 INT(V/100)+取樣3(組)。 | K46: 813.5 | L46: M3 | M46: 合格 | N46: 監造單位:李秉融 | O46: M38A2-J-a-C4A-028 渡子頭二號橋P3L6基樁
B47: 全套管鑽掘樁，315W kgf/cm2 | E47: 109/11/16 | H47: 2 | I47: 組 | K47: =K45+H47 -> 42 | L47: 組 | N47: 施工廠商:蘇俊男
A48: 4-22 | B48: 壹、一、1 結構工程49~51 | C48: 16482 | D48: M3 | E48: 109/11/17 | F48: 38 | G48: M3 | H48: 109/11/17 | J48: V=每批數量(M3) V≦50 取樣2(組) 50≦V<100 取樣3組 100≦V<200 取樣4(組) V>200 INT(V/100)+取樣3(組)。 | K48: 851.5 | L48: M3 | M48: 合格 | N48: 監造單位:吳英傑 | O48: M38A2-J-a-C4A-029 渡子頭二號橋P1L5基樁
B49: 全套管鑽掘樁，315W kgf/cm2 | E49: 109/11/17 | H49: 2 | I49: 組 | K49: =K47+H49 -> 44 | L49: 組 | N49: 施工廠商:蘇俊男
A50: 4-23 | B50: 壹、一、1 結構工程49~51 | C50: 16482 | D50: M3 | E50: 109/11/17 | F50: 22 | G50: M3 | H50: 109/11/17 | J50: V=每批數量(M3) V≦50 取樣2(組) 50≦V<100 取樣3組 100≦V<200 取樣4(組) V>200 INT(V/100)+取樣3(組)。 | K50: 873.5 | L50: M3 | M50: 合格 | N50: 監造單位:吳英傑 | O50: M38A2-J-a-C4A-030 潭頂溪河川橋p5l4基樁
B51: 全套管鑽掘樁，315W kgf/cm2 | E51: 109/11/17 | H51: 2 | I51: 組 | K51: =K49+H51 -> 46 | L51: 組 | N51: 施工廠商:蘇俊男
A52: 4-24 | B52: 壹、一、1 結構工程49~51 | C52: 16482 | D52: M3 | E52: 109/11/18 | F52: 38 | G52: M3 | H52: 109/11/18 | J52: V=每批數量(M3) V≦50 取樣2(組) 50≦V<100 取樣3組 100≦V<200 取樣4(組) V>200 INT(V/100)+取樣3(組)。 | K52: 911.5 | L52: M3 | M52: 合格 | N52: 監造單位:吳英傑 | O52: M38A2-J-a-C4A-031 渡子頭二號橋P3R4基樁
B53: 全套管鑽掘樁，315W kgf/cm2 | E53: 109/11/18 | H53: 2 | I53: 組 | K53: =K51+H53 -> 48 | L53: 組 | N53: 施工廠商:蘇俊男
A54: 4-25 | B54: 壹、一、1 結構工程49~51 | C54: 16482 | D54: M3 | E54: 109/11/18 | F54: 38 | G54: M3 | H54: 109/11/18 | J54: V=每批數量(M3) V≦50 取樣2(組) 50≦V<100 取樣3組 100≦V<200 取樣4(組) V>200 INT(V/100)+取樣3(組)。 | K54: 949.5 | L54: M3 | M54: 合格 | N54: 監造單位:吳英傑 | O54: M38A2-J-a-C4A-032 渡子頭二號橋P1L4基樁
B55: 全套管鑽掘樁，315W kgf/cm2 | E55: 109/11/18 | H55: 2 | I55: 組 | K55: =K53+H55 -> 50 | L55: 組 | N55: 施工廠商:蘇俊男
A56: 4-26 | B56: 壹、一、1 結構工程49~51 | C56: 16482 | D56: M3 | E56: 109/11/19 | F56: 21 | G56: M3 | H56: 109/11/19 | J56: V=每批數量(M3) V≦50 取樣2(組) 50≦V<100 取樣3組 100≦V<200 取樣4(組) V>200 INT(V/100)+取樣3(組)。 | K56: 970.5 | L56: M3 | M56: 合格 | N56: 監造單位:李秉融 | O56: M38A2-J-a-C4A-033 潭頂溪排水橋P5L5基樁
B57: 全套管鑽掘樁，315W kgf/cm2 | E57: 109/11/19 | H57: 2 | I57: 組 | K57: =K55+H57 -> 52 | L57: 組 | N57: 施工廠商:蘇俊男
A58: 4-27 | B58: 壹、一、1 結構工程49~51 | C58: 16482 | D58: M3 | E58: 109/11/19 | F58: 40 | G58: M3 | H58: 109/11/19 | J58: V=每批數量(M3) V≦50 取樣2(組) 50≦V<100 取樣3組 100≦V<200 取樣4(組) V>200 INT(V/100)+取樣3(組)。 | K58: 1010.5 | L58: M3 | M58: 合格 | N58: 監造單位:李秉融 | O58: M38A2-J-a-C4A-034 渡子頭二號橋P3R5基樁
B59: 全套管鑽掘樁，315W kgf/cm2 | E59: 109/11/19 | H59: 2 | I59: 組 | K59: =K57+H59 -> 54 | L59: 組 | N59: 施工廠商:蘇俊男
A60: 4-28 | B60: 壹、一、1 結構工程49~51 | C60: 16482 | D60: M3 | E60: 109/11/20 | F60: 21 | G60: M3 | H60: 109/11/20 | J60: V=每批數量(M3) V≦50 取樣2(組) 50≦V<100 取樣3組 100≦V<200 取樣4(組) V>200 INT(V/100)+取樣3(組)。 | K60: 1031.5 | L60: M3 | M60: 合格 | N60: 監造單位:林東新 | O60: M38A2-J-a-C4A-035 潭頂溪排水橋P5L6基樁
B61: 全套管鑽掘樁，315W kgf/cm2 | E61: 109/11/20 | H61: 2 | I61: 組 | K61: =K59+H61 -> 56 | L61: 組 | N61: 施工廠商:蘇俊男
A62: 4-29 | B62: 壹、一、1 結構工程49~51 | C62: 16482 | D62: M3 | E62: 109/11/20 | F62: 41 | G62: M3 | H62: 109/11/20 | J62: V=每批數量(M3) V≦50 取樣2(組) 50≦V<100 取樣3組 100≦V<200 取樣4(組) V>200 INT(V/100)+取樣3(組)。 | K62: 1072 | L62: M3 | M62: 合格 | N62: 監造單位:林東新 | O62: M38A2-J-a-C4A-036 渡子頭二號橋P2R1基樁
B63: 全套管鑽掘樁，315W kgf/cm2 | E63: 109/11/20 | H63: 2 | I63: 組 | K63: =K61+H63 -> 58 | L63: 組 | N63: 施工廠商:蘇俊男
A64: 4-30 | B64: 壹、一、1 結構工程49~51 | C64: 16482 | D64: M3 | E64: 109/11/20 | F64: 39 | G64: M3 | H64: 109/11/20 | J64: V=每批數量(M3) V≦50 取樣2(組) 50≦V<100 取樣3組 100≦V<200 取樣4(組) V>200 INT(V/100)+取樣3(組)。 | K64: 1111.5 | L64: M3 | M64: 合格 | N64: 監造單位:林東新 | O64: M38A2-J-a-C4A-037 渡子頭二號橋P3R6基樁
B65: 全套管鑽掘樁，315W kgf/cm2 | E65: 109/11/20 | H65: 2 | I65: 組 | K65: =K63+H65 -> 60 | L65: 組 | N65: 施工廠商:蘇俊男
A66: 4-31 | B66: 壹、一、1 結構工程49~51 | C66: 16482 | D66: M3 | E66: 109/11/21 | F66: 41 | G66: M3 | H66: 109/11/21 | J66: V=每批數量(M3) V≦50 取樣2(組) 50≦V<100 取樣3組 100≦V<200 取樣4(組) V>200 INT(V/100)+取樣3(組)。 | K66: 1152.5 | L66: M3 | M66: 合格 | N66: 監造單位:李秉融 | O66: M38A2-J-a-C4A-039 渡子頭二號橋P2R2基樁
B67: 全套管鑽掘樁，315W kgf/cm2 | E67: 109/11/21 | H67: 2 | I67: 組 | K67: =K65+H67 -> 62 | L67: 組 | N67: 施工廠商:蘇俊男
A68: 4-32 | B68: 壹、一、1 結構工程49~51 | C68: 16482 | D68: M3 | E68: 109/11/21 | F68: 21 | G68: M3 | H68: 109/11/21 | J68: V=每批數量(M3) V≦50 取樣2(組) 50≦V<100 取樣3組 100≦V<200 取樣4(組) V>200 INT(V/100)+取樣3(組)。 | K68: 1173.5 | L68: M3 | M68: 合格 | N68: 監造單位:李秉融 | O68: M38A2-J-a-C4A-040 潭頂溪排水橋P5R6基樁
B69: 全套管鑽掘樁，315W kgf/cm2 | E69: 109/11/21 | H69: 2 | I69: 組 | K69: =K67+H69 -> 64 | L69: 組 | N69: 施工廠商:蘇俊男
A70: 4-33 | B70: 壹、一、1 結構工程49~51 | C70: 16482 | D70: M3 | E70: 109/11/23 | F70: 39 | G70: M3 | H70: 109/11/23 | J70: V=每批數量(M3) V≦50 取樣2(組) 50≦V<100 取樣3組 100≦V<200 取樣4(組) V>200 INT(V/100)+取樣3(組)。 | K70: 1212.5 | L70: M3 | M70: 合格 | N70: 監造單位:李秉融 | O70: M38A2-J-a-C4A-041 渡子頭二號橋P4R6基樁
B71: 全套管鑽掘樁，315W kgf/cm2 | E71: 109/11/23 | H71: 2 | I71: 組 | K71: =K69+H71 -> 66 | L71: 組 | N71: 施工廠商:林東新
A72: 4-34 | B72: 壹、一、1 結構工程49~51 | C72: 16482 | D72: M3 | E72: 109/11/23 | F72: 41.5 | G72: M3 | H72: 109/11/23 | J72: V=每批數量(M3) V≦50 取樣2(組) 50≦V<100 取樣3組 100≦V<200 取樣4(組) V>200 INT(V/100)+取樣3(組)。 | K72: 1254 | L72: M3 | M72: 合格 | N72: 監造單位:李秉融 | O72: M38A2-J-a-C4A-042 渡子頭二號橋P2R3基樁
B73: 全套管鑽掘樁，315W kgf/cm2 | E73: 109/11/23 | H73: 2 | I73: 組 | K73: =K71+H73 -> 68 | L73: 組 | N73: 施工廠商:林東新
A74: 4-35 | B74: 壹、一、1 結構工程49~51 | C74: 16482 | D74: M3 | E74: 109/11/23 | F74: 21 | G74: M3 | H74: 109/11/23 | J74: V=每批數量(M3) V≦50 取樣2(組) 50≦V<100 取樣3組 100≦V<200 取樣4(組) V>200 INT(V/100)+取樣3(組)。 | K74: 1275 | L74: M3 | M74: 合格 | N74: 監造單位:吳英傑 | O74: M38A2-J-a-C4A-043 潭頂溪排水橋P5R5基樁
B75: 全套管鑽掘樁，315W kgf/cm2 | E75: 109/11/23 | H75: 2 | I75: 組 | K75: =K73+H75 -> 70 | L75: 組 | N75: 施工廠商:蘇俊男
A76: 4-36 | B76: 壹、一、1 結構工程49~51 | C76: 16482 | D76: M3 | E76: 109/11/24 | F76: 21 | G76: M3 | H76: 109/11/24 | J76: V=每批數量(M3) V≦50 取樣2(組) 50≦V<100 取樣3組 100≦V<200 取樣4(組) V>200 INT(V/100)+取樣3(組)。 | K76: 1296 | L76: M3 | M76: 合格 | N76: 監造單位:吳英傑 | O76: M38A2-J-a-C4A-044 潭頂溪排水橋P5R4基樁
B77: 全套管鑽掘樁，315W kgf/cm2 | E77: 109/11/24 | H77: 2 | I77: 組 | K77: =K75+H77 -> 72 | L77: 組 | N77: 施工廠商:蘇俊男
A78: 4-37 | B78: 壹、一、1 結構工程49~51 | C78: 16482 | D78: M3 | E78: 109/11/26 | F78: 41 | G78: M3 | H78: 109/11/26 | J78: V=每批數量(M3) V≦50 取樣2(組) 50≦V<100 取樣3組 100≦V<200 取樣4(組) V>200 INT(V/100)+取樣3(組)。 | K78: 1337 | L78: M3 | M78: 合格 | N78: 監造單位:吳英傑 | O78: M38A2-J-a-C4A-045 渡子頭二號橋P2R4基樁
B79: 全套管鑽掘樁，315W kgf/cm2 | E79: 109/11/26 | H79: 2 | I79: 組 | K79: =K77+H79 -> 74 | L79: 組 | N79: 施工廠商:蘇俊男
A80: 4-38 | B80: 壹、一、1 結構工程49~51 | C80: 16482 | D80: M3 | E80: 109/11/26 | F80: 39 | G80: M3 | H80: 109/11/26 | J80: V=每批數量(M3) V≦50 取樣2(組) 50≦V<100 取樣3組 100≦V<200 取樣4(組) V>200 INT(V/100)+取樣3(組)。 | K80: 1376 | L80: M3 | M80: 合格 | N80: 監造單位:吳英傑 | O80: M38A2-J-a-C4A-046 渡子頭二號橋P4R5基樁
B81: 全套管鑽掘樁，315W kgf/cm2 | E81: 109/11/26 | H81: 2 | I81: 組 | K81: =K79+H81 -> 76 | L81: 組 | N81: 施工廠商:蘇俊男
A82: 4-39 | B82: 壹、一、1 結構工程49~51 | C82: 16482 | D82: M3 | E82: 109/11/27 | F82: 41 | G82: M3 | H82: 109/11/27 | J82: V=每批數量(M3) V≦50 取樣2(組) 50≦V<100 取樣3組 100≦V<200 取樣4(組) V>200 INT(V/100)+取樣3(組)。 | K82: 1417 | L82: M3 | M82: 合格 | N82: 監造單位:吳英傑 | O82: M38A2-J-a-C4A-047 渡子頭二號橋P2R5基樁
B83: 全套管鑽掘樁，315W kgf/cm2 | E83: 109/11/27 | H83: 2 | I83: 組 | K83: =K81+H83 -> 78 | L83: 組 | N83: 施工廠商:蘇俊男
A84: 4-40 | B84: 壹、一、1 結構工程49~51 | C84: 16482 | D84: M3 | E84: 109/11/27 | F84: 40 | G84: M3 | H84: 109/11/27 | J84: V=每批數量(M3) V≦50 取樣2(組) 50≦V<100 取樣3組 100≦V<200 取樣4(組) V>200 INT(V/100)+取樣3(組)。 | K84: 1457 | L84: M3 | M84: 合格 | N84: 監造單位:吳英傑 | O84: M38A2-J-a-C4A-048 渡子頭二號橋P4R4基樁
B85: 全套管鑽掘樁，315W kgf/cm2 | E85: 109/11/27 | H85: 2 | I85: 組 | K85: =K83+H85 -> 80 | L85: 組 | N85: 施工廠商:蘇俊男
A86: 4-41 | B86: 壹、一、1 結構工程49~51 | C86: 16482 | D86: M3 | E86: 109/11/28 | F86: 41.5 | G86: M3 | H86: 109/11/28 | J86: V=每批數量(M3) V≦50 取樣2(組) 50≦V<100 取樣3組 100≦V<200 取樣4(組) V>200 INT(V/100)+取樣3(組)。 | K86: 1498.5 | L86: M3 | M86: 合格 | N86: 監造單位:吳英傑 | O86: M38A2-J-a-C4A-050 渡子頭二號橋P2R6基樁
B87: 全套管鑽掘樁，315W kgf/cm2 | E87: 109/11/28 | H87: 2 | I87: 組 | K87: =K85+H87 -> 82 | L87: 組 | N87: 施工廠商:蘇俊男
A88: 4-42 | B88: 壹、一、1 結構工程49~51 | C88: 16482 | D88: M3 | E88: 109/11/28 | F88: 39 | G88: M3 | H88: 109/11/28 | J88: V=每批數量(M3) V≦50 取樣2(組) 50≦V<100 取樣3組 100≦V<200 取樣4(組) V>200 INT(V/100)+取樣3(組)。 | K88: 1537.5 | L88: M3 | M88: 合格 | N88: 監造單位:吳英傑 | O88: M38A2-J-a-C4A-051 渡子頭二號橋P4L6基樁
B89: 全套管鑽掘樁，315W kgf/cm2 | E89: 109/11/28 | H89: 2 | I89: 組 | K89: =K87+H89 -> 84 | L89: 組 | N89: 施工廠商:蘇俊男
A90: 4-43 | B90: 壹、一、1 結構工程49~51 | C90: 16482 | D90: M3 | E90: 109/11/30 | F90: 39 | G90: M3 | H90: 109/11/30 | J90: V=每批數量(M3) V≦50 取樣2(組) 50≦V<100 取樣3組 100≦V<200 取樣4(組) V>200 INT(V/100)+取樣3(組)。 | K90: 1576.5 | L90: M3 | M90: 合格 | N90: 監造單位:吳英傑 | O90: M38A2-J-a-C4A-053 渡子頭二號橋P4L4基樁
B91: 全套管鑽掘樁，315W kgf/cm2 | E91: 109/11/30 | H91: 2 | I91: 組 | K91: =K89+H91 -> 86 | L91: 組 | N91: 施工廠商:蘇俊男
A92: 4-44 | B92: 壹、一、1 結構工程49~51 | C92: 16482 | D92: M3 | E92: 109/12/01 | F92: 41 | G92: M3 | H92: 109/12/01 | J92: V=每批數量(M3) V≦50 取樣2(組) 50≦V<100 取樣3組 100≦V<200 取樣4(組) V>200 INT(V/100)+取樣3(組)。 | K92: 1617.5 | L92: M3 | M92: 合格 | N92: 監造單位:吳英傑 | O92: M38A2-J-a-C4A-054 渡子頭二號橋P2L6基樁
B93: 全套管鑽掘樁，315W kgf/cm2 | E93: 109/12/01 | H93: 2 | I93: 組 | K93: =K91+H93 -> 88 | L93: 組 | N93: 施工廠商:蘇俊男
A94: 4-45 | B94: 壹、一、1 結構工程49~51 | C94: 16482 | D94: M3 | E94: 109/12/01 | F94: 39 | G94: M3 | H94: 109/12/01 | J94: V=每批數量(M3) V≦50 取樣2(組) 50≦V<100 取樣3組 100≦V<200 取樣4(組) V>200 INT(V/100)+取樣3(組)。 | K94: 1656.5 | L94: M3 | M94: 合格 | N94: 監造單位:吳英傑 | O94: M38A2-J-a-C4A-055 渡子頭二號橋P4L5基樁
B95: 全套管鑽掘樁，315W kgf/cm2 | E95: 109/12/01 | H95: 2 | I95: 組 | K95: =K93+H95 -> 90 | L95: 組 | N95: 施工廠商:蘇俊男
A96: 4-46 | B96: 壹、一、1 結構工程49~51 | C96: 16482 | D96: M3 | E96: 109/12/02 | F96: 41.5 | G96: M3 | H96: 109/12/02 | J96: V=每批數量(M3) V≦50 取樣2(組) 50≦V<100 取樣3組 100≦V<200 取樣4(組) V>200 INT(V/100)+取樣3(組)。 | K96: 1698 | L96: M3 | M96: 合格 | N96: 監造單位:吳英傑 | O96: M38A2-J-a-C4A-056 渡子頭二號橋P2L5基樁
B97: 全套管鑽掘樁，315W kgf/cm2 | E97: 109/12/02 | H97: 2 | I97: 組 | K97: =K95+H97 -> 92 | L97: 組 | N97: 施工廠商:蘇俊男
A98: 4-47 | B98: 壹、一、1 結構工程49~51 | C98: 16482 | D98: M3 | E98: 109/12/02 | F98: 39.5 | G98: M3 | H98: 109/12/02 | J98: V=每批數量(M3) V≦50 取樣2(組) 50≦V<100 取樣3組 100≦V<200 取樣4(組) V>200 INT(V/100)+取樣3(組)。 | K98: 1737.5 | L98: M3 | M98: 合格 | N98: 監造單位:吳英傑 | O98: M38A2-J-a-C4A-057 渡子頭二號橋P4L1基樁
B99: 全套管鑽掘樁，315W kgf/cm2 | E99: 109/12/02 | H99: 2 | I99: 組 | K99: =K97+H99 -> 94 | L99: 組 | N99: 施工廠商:蘇俊男
A100: 4-48 | B100: 壹、一、1 結構工程49~51 | C100: 16482 | D100: M3 | E100: 109/12/03 | F100: 39 | G100: M3 | H100: 109/12/03 | J100: V=每批數量(M3) V≦50 取樣2(組) 50≦V<100 取樣3組 100≦V<200 取樣4(組) V>200 INT(V/100)+取樣3(組)。 | K100: 1776.5 | L100: M3 | M100: 合格 | N100: 監造單位:吳英傑 | O100: M38A2-J-a-C4A-058 渡子頭二號橋P4L2基樁
...

Sheet 混凝土 315W KGF CM3 竑榮官田廠
A1: 國道高速公路後續路段橋梁耐震補強工程(區段2-1)第M38A2標-烏山頭新化段 材料設備檢(試)驗管制總表 製表資料日期:110/02/18止
A2: 項次 | B2: 契約詳細表項次 | C2: 契約數量 | E2: 預定進場日期 | F2: 進場數量 | H2: 抽樣日期 | J2: 規定抽(取)樣頻率 | K2: 累積進場數量 | M2: 抽試驗結果 | N2: 抽驗及會同人員 | O2: 備註
B3: 材料(設備)名稱 | E3: 實際進場日期 | H3: 抽樣數量 | K3: 累積抽樣數量 | O3: (歸檔編號)
A4: 4 | B4: 壹、一、1 結構工程49~51 | C4: 16482 | D4: M3 | E4: 109/08/14 | F4: 一式 | G4: M3 | H4: 109/08/14 | J4: V=每批數量(M3) V≦50 取樣2(組) 50≦V<100 取樣3組 100≦V<200 取樣4(組) V>200 INT(V/100)+取樣3(組)。 | K4: 一式 | M4: 合格 | N4: 監造單位:李秉融 | O4: 竑榮官田廠:109.08.14棪嘉南(A2)監字第10908022號函廠商核定。 109.08.25驗廠取樣)。 109.10.06 80、175、245、280、315W廠拌。M38A2-J-a-C1-009
B5: 全套管鑽掘樁，315W kgf/cm2 | E5: 109/08/14 | H5: 一式 | K5: 一式 | N5: 施工廠商:柯志龍
A6: 4 | B6: 壹、一、1 結構工程49~51 | C6: 16482 | D6: M3 | E6: 109/08/14 | F6: 一式 | G6: M3 | H6: 109/08/14 | J6: V=每批數量(M3) V≦50 取樣2(組) 50≦V<100 取樣3組 100≦V<200 取樣4(組) V>200 INT(V/100)+取樣3(組)。 | K6: 一式 | M6: 合格 | N6: 監造單位:李秉融 | O6: 竑榮安定廠:109.08.14棪嘉南(A2)監字第10908023號函廠商核定。 109.08.31驗廠取樣。 109.10.07 80、175、245、280廠拌。 M38A2-J-a-C1-010
B7: 全套管鑽掘樁，315W kgf/cm2 | E7: 109/08/14 | H7: 一式 | K7: 一式 | N7: 施工廠商:柯志龍
A8: 4-1 | B8: 壹、一、1 結構工程49~51 | C8: 16482 | D8: M3 | E8: 109/11/27 | F8: 21 | G8: M3 | H8: 109/11/27 | J8: V=每批數量(M3) V≦50 取樣2(組) 50≦V<100 取樣3組 100≦V<200 取樣4(組) V>200 INT(V/100)+取樣3(組)。 | K8: 21 | L8: M3 | M8: 合格 | N8: 監造單位:吳英傑 | O8: M38A2-J-a-C4B-001 潭頂溪排水橋P5L1基樁
B9: 全套管鑽掘樁，315W kgf/cm2 | E9: 109/11/27 | H9: 2組 | K9: 2 | L9: 組 | N9: 施工廠商:蘇俊男
A10: 4-2 | B10: 壹、一、1 結構工程49~51 | C10: 16482 | D10: M3 | E10: 109/11/28 | F10: 21 | G10: M3 | H10: 109/11/28 | J10: V=每批數量(M3) V≦50 取樣2(組) 50≦V<100 取樣3組 100≦V<200 取樣4(組) V>200 INT(V/100)+取樣3(組)。 | K10: 42 | L10: M3 | M10: 合格 | N10: 監造單位:吳英傑 | O10: M38A2-J-a-C4B-002 潭頂溪排水橋P5L2基樁
B11: 全套管鑽掘樁，315W kgf/cm2 | E11: 109/11/28 | H11: 2組 | K11: 4 | L11: 組 | N11: 施工廠商:蘇俊男
A12: 4-3 | B12: 壹、一、1 結構工程49~51 | C12: 16482 | D12: M3 | E12: 109/11/30 | F12: 21 | G12: M3 | H12: 109/11/30 | J12: V=每批數量(M3) V≦50 取樣2(組) 50≦V<100 取樣3組 100≦V<200 取樣4(組) V>200 INT(V/100)+取樣3(組)。 | K12: 63 | L12: M3 | M12: 合格 | N12: 監造單位:吳英傑 | O12: M38A2-J-a-C4B-003 潭頂溪排水橋P5L3基樁
B13: 全套管鑽掘樁，315W kgf/cm2 | E13: 109/11/30 | H13: 2組 | K13: 6 | L13: 組 | N13: 施工廠商:蘇俊男
A14: 4-4 | B14: 壹、一、1 結構工程49~51 | C14: 16482 | D14: M3 | E14: 109/12/01 | F14: 21 | G14: M3 | H14: 109/12/01 | J14: V=每批數量(M3) V≦50 取樣2(組) 50≦V<100 取樣3組 100≦V<200 取樣4(組) V>200 INT(V/100)+取樣3(組)。 | K14: 84 | L14: M3 | M14: 合格 | N14: 監造單位:李秉融 | O14: M38A2-J-a-C4B-004 潭頂溪排水橋P5R3基樁
B15: 全套管鑽掘樁，315W kgf/cm2 | E15: 109/12/01 | H15: 2組 | K15: 8 | L15: 組 | N15: 施工廠商:蘇俊男
A16: 4-5 | B16: 壹、一、1 結構工程49~51 | C16: 16482 | D16: M3 | E16: 109/12/02 | F16: 21 | G16: M3 | H16: 109/12/02 | J16: V=每批數量(M3) V≦50 取樣2(組) 50≦V<100 取樣3組 100≦V<200 取樣4(組) V>200 INT(V/100)+取樣3(組)。 | K16: 105 | L16: M3 | M16: 合格 | N16: 監造單位:李秉融 | O16: M38A2-J-a-C4B-005 潭頂溪排水橋P5R2基樁
B17: 全套管鑽掘樁，315W kgf/cm2 | E17: 109/12/02 | H17: 2組 | K17: 10 | L17: 組 | N17: 施工廠商:蘇俊男
A18: 4-6 | B18: 壹、一、1 結構工程49~51 | C18: 16482 | D18: M3 | E18: 109/12/03 | F18: 21 | G18: M3 | H18: 109/12/03 | J18: V=每批數量(M3) V≦50 取樣2(組) 50≦V<100 取樣3組 100≦V<200 取樣4(組) V>200 INT(V/100)+取樣3(組)。 | K18: 126 | L18: M3 | M18: 合格 | N18: 監造單位:李秉融 | O18: M38A2-J-a-C4B-006 潭頂溪排水橋P5R1基樁
B19: 全套管鑽掘樁，315W kgf/cm2 | E19: 109/12/03 | H19: 2組 | K19: 12 | L19: 組 | N19: 施工廠商:蘇俊男
A20: 4-7 | B20: 壹、一、1 結構工程49~51 | C20: 16482 | D20: M3 | E20: 109/12/07 | F20: 22 | G20: M3 | H20: 109/12/07 | J20: V=每批數量(M3) V≦50 取樣2(組) 50≦V<100 取樣3組 100≦V<200 取樣4(組) V>200 INT(V/100)+取樣3(組)。 | K20: 148 | L20: M3 | M20: 合格 | N20: 監造單位:林東新 | O20: M38A2-J-a-C4B-007 潭頂溪排水橋P4L4基樁
B21: 全套管鑽掘樁，315W kgf/cm2 | E21: 109/12/07 | H21: 2組 | K21: 14 | L21: 組 | N21: 施工廠商:蘇俊男
A22: 4-8 | B22: 壹、一、1 結構工程49~51 | C22: 16482 | D22: M3 | E22: 109/12/08 | F22: 23 | G22: M3 | H22: 109/12/08 | J22: V=每批數量(M3) V≦50 取樣2(組) 50≦V<100 取樣3組 100≦V<200 取樣4(組) V>200 INT(V/100)+取樣3(組)。 | K22: 171 | L22: M3 | M22: 合格 | N22: 監造單位:吳英傑 | O22: M38A2-J-a-C4B-008 潭頂溪排水橋P4L5基樁
B23: 全套管鑽掘樁，315W kgf/cm2 | E23: 109/12/08 | H23: 2組 | K23: 16 | L23: 組 | N23: 施工廠商:翁瑞祥
A24: 4-9 | B24: 壹、一、1 結構工程49~51 | C24: 16482 | D24: M3 | E24: 109/12/09 | F24: 22 | G24: M3 | H24: 109/12/09 | J24: V=每批數量(M3) V≦50 取樣2(組) 50≦V<100 取樣3組 100≦V<200 取樣4(組) V>200 INT(V/100)+取樣3(組)。 | K24: 193 | L24: M3 | M24: 合格 | N24: 監造單位:吳英傑 | O24: M38A2-J-a-C4B-009 潭頂溪排水橋P4L6基樁
B25: 全套管鑽掘樁，315W kgf/cm2 | E25: 109/12/09 | H25: 2組 | K25: 18 | L25: 組 | N25: 施工廠商:石錦茹
A26: 4-10 | B26: 壹、一、1 結構工程49~51 | C26: 16482 | D26: M3 | E26: 109/12/10 | F26: 22 | G26: M3 | H26: 109/12/10 | J26: V=每批數量(M3) V≦50 取樣2(組) 50≦V<100 取樣3組 100≦V<200 取樣4(組) V>200 INT(V/100)+取樣3(組)。 | K26: 193 | L26: M3 | M26: 合格 | N26: 監造單位:李秉融 | O26: M38A2-J-a-C4B-010 潭頂溪排水橋P4R6基樁
B27: 全套管鑽掘樁，315W kgf/cm2 | E27: 109/12/10 | H27: 2組 | K27: 20 | L27: 組 | N27: 施工廠商:翁瑞祥
A28: 4-11 | B28: 壹、一、1 結構工程49~51 | C28: 16482 | D28: M3 | E28: 109/12/11 | F28: 22 | G28: M3 | H28: 109/12/11 | J28: V=每批數量(M3) V≦50 取樣2(組) 50≦V<100 取樣3組 100≦V<200 取樣4(組) V>200 INT(V/100)+取樣3(組)。 | K28: 215 | L28: M3 | M28: 合格 | N28: 監造單位:林東新 | O28: M38A2-J-a-C4B-011 潭頂溪排水橋P4R5基樁
B29: 全套管鑽掘樁，315W kgf/cm2 | E29: 109/12/11 | H29: 2組 | K29: 22 | L29: 組 | N29: 施工廠商:蘇俊男
A30: 4-12 | B30: 壹、一、1 結構工程49~51 | C30: 16482 | D30: M3 | E30: 109/12/12 | F30: 22 | G30: M3 | H30: 109/12/12 | J30: V=每批數量(M3) V≦50 取樣2(組) 50≦V<100 取樣3組 100≦V<200 取樣4(組) V>200 INT(V/100)+取樣3(組)。 | K30: 237 | L30: M3 | M30: 合格 | N30: 監造單位:吳清標 | O30: M38A2-J-a-C4B-012 潭頂溪排水橋P4R4基樁
B31: 全套管鑽掘樁，315W kgf/cm2 | E31: 109/12/12 | H31: 2組 | K31: 24 | L31: 組 | N31: 施工廠商:蘇俊男
A32: 4-13 | B32: 壹、一、1 結構工程49~51 | C32: 16482 | D32: M3 | E32: 109/12/15 | F32: 22 | G32: M3 | H32: 109/12/15 | J32: V=每批數量(M3) V≦50 取樣2(組) 50≦V<100 取樣3組 100≦V<200 取樣4(組) V>200 INT(V/100)+取樣3(組)。 | K32: 259 | L32: M3 | M32: 合格 | N32: 監造單位:林東新 | O32: M38A2-J-a-C4B-013 潭頂溪排水橋P4L1基樁
B33: 全套管鑽掘樁，315W kgf/cm2 | E33: 109/12/15 | H33: 2組 | K33: 26 | L33: 組 | N33: 施工廠商:翁瑞祥
A34: 4-14 | B34: 壹、一、1 結構工程49~51 | C34: 16482 | D34: M3 | E34: 109/12/16 | F34: 22 | G34: M3 | H34: 109/12/16 | J34: V=每批數量(M3) V≦50 取樣2(組) 50≦V<100 取樣3組 100≦V<200 取樣4(組) V>200 INT(V/100)+取樣3(組)。 | K34: 281 | L34: M3 | M34: 合格 | N34: 監造單位:林東新 | O34: M38A2-J-a-C4B-014 潭頂溪排水橋P4L2基樁
B35: 全套管鑽掘樁，315W kgf/cm2 | E35: 109/12/16 | H35: 2組 | K35: 28 | L35: 組 | N35: 施工廠商:翁瑞祥
A36: 4-15 | B36: 壹、一、1 結構工程49~51 | C36: 16482 | D36: M3 | E36: 109/12/19 | F36: 24 | G36: M3 | H36: 109/12/19 | J36: V=每批數量(M3) V≦50 取樣2(組) 50≦V<100 取樣3組 100≦V<200 取樣4(組) V>200 INT(V/100)+取樣3(組)。 | K36: 305 | L36: M3 | M36: 合格 | N36: 監造單位:李秉融 | O36: M38A2-J-a-C4B-016 潭頂溪排水橋P4L3基樁
B37: 全套管鑽掘樁，315W kgf/cm2 | E37: 109/12/19 | H37: 2組 | K37: 30 | L37: 組 | N37: 施工廠商:蘇俊男
A38: 4-16 | B38: 壹、一、1 結構工程49~51 | C38: 16482 | D38: M3 | E38: 109/12/21 | F38: 22 | G38: M3 | H38: 109/12/21 | J38: V=每批數量(M3) V≦50 取樣2(組) 50≦V<100 取樣3組 100≦V<200 取樣4(組) V>200 INT(V/100)+取樣3(組)。 | K38: 326 | L38: M3 | M38: 合格 | N38: 監造單位:李秉融 | O38: M38A2-J-a-C4B-017 潭頂溪排水橋P4R1基樁
B39: 全套管鑽掘樁，315W kgf/cm2 | E39: 109/12/21 | H39: 2組 | K39: 32 | L39: 組 | N39: 施工廠商:蘇俊男
A40: 4-17 | B40: 壹、一、1 結構工程49~51 | C40: 16482 | D40: M3 | E40: 109/12/22 | F40: 22 | G40: M3 | H40: 109/12/22 | J40: V=每批數量(M3) V≦50 取樣2(組) 50≦V<100 取樣3組 100≦V<200 取樣4(組) V>200 INT(V/100)+取樣3(組)。 | K40: 348 | L40: M3 | M40: 合格 | N40: 監造單位:吳英傑 | O40: M38A2-J-a-C4B-018 潭頂溪排水橋P4R2基樁
B41: 全套管鑽掘樁，315W kgf/cm2 | E41: 109/12/22 | H41: 2組 | K41: 34 | L41: 組 | N41: 施工廠商:蘇俊男
A42: 4-18 | B42: 壹、一、1 結構工程49~51 | C42: 16482 | D42: M3 | E42: 109/12/23 | F42: 22 | G42: M3 | H42: 109/12/23 | J42: V=每批數量(M3) V≦50 取樣2(組) 50≦V<100 取樣3組 100≦V<200 取樣4(組) V>200 INT(V/100)+取樣3(組)。 | K42: 370 | L42: M3 | M42: 合格 | N42: 監造單位:李秉融 | O42: M38A2-J-a-C4B-019 潭頂溪排水橋P4R3基樁
B43: 全套管鑽掘樁，315W kgf/cm2 | E43: 109/12/23 | H43: 2組 | K43: 36 | L43: 組 | N43: 施工廠商:蘇俊男
